property_id,suburb,address,Postcode,source_url,sale_price,sale_date,prev_sale_price,prev_sale_date,property_type,bedrooms,bathrooms,car_spaces,Pool,land_size_m2,building_size_m2,year_built,auction_type,Storeys,renovated,listing_description,Realtor,flag_notes,Unnamed: 23,Unnamed: 24,sale_year,sale_month,property_age,years_since_prev_sale,price_growth_pct,price_per_m2,desc_word_count,desc_length,luxury_word_count
M001,Mosman,"5 Botanic Road, Mosman, NSW 2088",2088,https://www.realestate.com.au/sold/property-house-nsw-mosman-150195184,8700000.0,2026-07-22,7000000.0,2018-04-12,House,4,3,2.0,1.0,437.0,175.0,2005.0,No,3,0.0,"A Beach House of Rare Style, Space and Luxury",Simeon Partners - Mosman.,,,,2026,7,21.0,8.276522929500342,24.285714285714285,19908.46681922197,9,45,2
M002,Mosman,"105 Holt Avenue, Mosman, NSW 2088",2088,https://www.realestate.com.au/sold/property-house-nsw-mosman-151124468,3550000.0,2026-06-05,,,House,4,3,1.0,0.0,445.0,174.5,1920.0,No,2,0.0,Enchanting Character Family Terrace,Pello - Lower North Shore,,,,2026,6,106.0,,,7977.528089887641,4,35,0
M003,Mosman,"96 Glover Street, Mosman, NSW 2088",2088,https://www.realestate.com.au/sold/property-house-nsw-mosman-150415760,3390000.0,2026-06-02,3230000.0,2018-01-18,House,4,3,2.0,0.0,395.0,379.0,,No,2,0.0,Classic Federation Grandeur Meets Contemporary Sophistication,De Brennan Property - Mosman,,,,2026,6,81.0,8.369609856262834,4.953560371517028,8582.278481012658,6,61,1
M004,Mosman,"8A Bickell Road, Mosman, NSW 2088",2088,https://www.realestate.com.au/sold/property-house-nsw-mosman-150194672,5050000.0,2026-04-17,3300000.0,2016-11-04,House,5,3,2.0,0.0,746.0,240.0,1960.0,No,2,1.0,this exceptional family home has been remarkably transformed from its Bauhaus past into a state-of-the-art haven of design excellence.,De Brennan Property - Mosman,,,,2026,4,66.0,9.44832306639288,53.03030303030303,6769.436997319035,19,134,1
M005,Mosman,"14 Erith Street, Mosman, NSW 2088",2088,https://www.realestate.com.au/sold/property-house-nsw-mosman-150578600,5300000.0,2026-04-11,,,House,4,3,1.0,1.0,613.0,162.0,1910.0,No,2,1.0,Magnificent c1910 Family Home of Deluxe Craftsmanship,Pello - Lower North Shore,,,,2026,4,116.0,,,8646.00326264274,7,53,0
M006,Mosman,"17 Morella Road, Mosman, NSW 2088",2088,https://www.realestate.com.au/sold/property-house-nsw-mosman-149267976,23000000.0,2026-03-31,14000000.0,2016-11-24,House,4,3,2.0,0.0,961.0,421.0,,No,2,0.0,Architectural statement of luxury with sublime harbour views,Atlas | Lower North Shore - NEUTRAL BAY,,,,2026,3,81.0,9.347022587268993,64.28571428571429,23933.402705515087,8,60,1
M007,Mosman,"29 Pearl Bay Avenue, Mosman, NSW 2088",2088,https://www.realestate.com.au/sold/property-house-nsw-mosman-149519784,7198000.0,2026-03-20,5250000.0,2009-12-22,House,4,3,3.0,1.0,658.0,208.0,,No,3,0.0,"Art Deco Masterpiece, Idyllic Waterfront Reserve, Seclusion & Harmony",Simeon Partners - Mosman,,,,2026,3,81.0,16.240930869267626,37.10476190476191,10939.209726443769,9,69,0
M008,Mosman,"53 Clanalpine Street, Mosman, NSW 2088",2088,https://www.realestate.com.au/sold/property-house-nsw-mosman-150128256,7700000.0,2026-03-06,3700000.0,2023-05-22,House,5,5,4.0,1.0,511.0,300.0,2025.0,No,2,1.0,Sophisticated newly built family home with thoughtful design and bespoke finishes.,Atlas | Lower North Shore - NEUTRAL BAY,,,,2026,3,1.0,2.7898699520876113,108.10810810810811,15068.493150684932,11,82,0
M009,Mosman,"1 Bray Street, Mosman, NSW 2088",2088,https://www.realestate.com.au/sold/property-house-nsw-mosman-150278904,3750000.0,2026-02-27,2305000.0,2018-04-14,House,3,2,1.0,0.0,296.0,171.0,1915.0,No,2,1.0,"Charming Freestanding Home, Whisper Quiet Location",Murphy Residential,,,,2026,2,111.0,7.874058863791923,62.68980477223427,12668.918918918918,6,50,0
M010,Mosman,"46 Spencer Road, Mosman, NSW 2088",2088,https://www.realestate.com.au/sold/property-house-nsw-mosman-150094808,3990000.0,2026-02-16,3100000.0,2019-08-29,House,4,2,0.0,0.0,233.0,165.0,1910.0,No,2,1.0,Beautiful Federation semi transformed into haven of contemporary luxury,DiJones - Mosman,,,,2026,2,116.0,6.469541409993155,28.70967741935484,17124.463519313304,9,71,1
M011,Mosman,"6 Lavoni Street, Mosman, NSW 2088",2088,https://www.realestate.com.au/sold/property-house-nsw-mosman-149800272,11550000.0,2025-12-05,5900000.0,2016-11-05,House,7,4,3.0,1.0,715.0,296.0,1930.0,No,2,0.0,"Graceful private family entertainer in blue ribbon street  full brick c1930s home with signature curved P&O façade, salt water pool, guest house, north-facing terrace",Atlas | Lower North Shore - NEUTRAL BAY,,,,2025,12,95.0,9.08145106091718,95.76271186440678,16153.846153846154,25,167,0
M012,Mosman,"26 Vista Street, Mosman, NSW 2088",2088,https://www.realestate.com.au/sold/property-house-nsw-mosman-149563044,4320000.0,2025-12-05,,,House,4,2,1.0,0.0,321.0,204.0,,No,2,0.0,"Charming freestanding home in Mosman Village, period features (ornate ceilings, original fireplaces, plantation shutters), multiple living zones",Murphy Residential,,,,2025,12,81.0,,,13457.943925233645,17,144,0
M013,Mosman,"56 Spencer Road, Mosman, NSW 2088",2088,https://www.realestate.com.au/property/56-spencer-rd-mosman-nsw-2088/,3850000.0,2025-11-22,1460000.0,2014-11-18,House,4,3,0.0,0.0,249.0,226.0,1910.0,No,2,1.0,"Stunning designer renovation of a Federation home, integrated island kitchen, parents retreat with city skyline views",Murphy Residential,,,,2025,11,115.0,11.011635865845312,163.6986301369863,15461.847389558234,16,117,1
M014,Mosman,"7 Cross Street, Mosman, NSW 2088",2088,https://www.realestate.com.au/sold/property-house-nsw-mosman-148931724,10100000.0,2025-11-14,9139000.0,2022-11-17,House,6,3,2.0,1.0,695.6,301.0,1930.0,No,2,1.0,Parkside home reveals breathtaking 1930s luxury paired with flawless contemporary design,Atlas | Lower North Shore - NEUTRAL BAY,,,,2025,11,95.0,2.9924709103353866,10.51537367326841,14519.838987924093,11,88,1
M015,Mosman,"110 Awaba Street, Mosman, NSW 2088",2088,https://www.realestate.com.au/sold/property-house-nsw-mosman-149215620,5230000.0,2025-10-30,,,House,5,4,1.0,0.0,479.0,194.0,,No,2,0.0,Unlock the True Potential of This Mosman Classic - On the Market for the First Time in Nearly 40 Years,Ray White Lower North Shore Group,,,,2025,10,81.0,,,10918.580375782882,20,102,0
M016,Mosman,"40 Stanley Avenue, Mosman, NSW 2088",2088,https://www.realestate.com.au/sold/property-house-nsw-mosman-148993156,20000000.0,2025-10-09,,,House,5,5,2.0,1.0,920.0,399.0,,No,2,0.0,Federation Grandeur with Breathtaking Sydney Heads Views,Simeon Partners - Mosman,,,,2025,10,81.0,,,21739.130434782608,7,56,1
M017,Mosman,"4/13 McLeod Street, Mosman, NSW 2088",2088,https://www.realestate.com.au/sold/property-townhouse-nsw-mosman-148962428,2220000.0,2025-10-02,,,Townhouse,4,1,2.0,0.0,764.0,246.0,1970.0,No,4,0.0,Terrace style living above Mosman Bay - views & convenience,Ray White Lower North Shore Group,,,,2025,10,55.0,,,2905.759162303665,10,59,0
M018,Mosman,"35 Lang Street, Mosman, NSW 2088",2088,https://www.realestate.com.au/sold/property-house-nsw-mosman-148958340,5250000.0,2025-09-27,410000.0,1993-01-08,House,5,3,1.0,0.0,468.0,300.0,1905.0,No,2,0.0,Timeless Californian Bungalow Brimming with Character and Style,Belle Property Lower North Shore Group,,,,2025,9,120.0,32.71731690622861,1180.4878048780488,11217.948717948719,8,63,0
M019,Mosman,"34 Harbour Street, Mosman, NSW 2088",2088,https://www.realestate.com.au/sold/property-house-nsw-mosman-148740848,3400000.0,2025-09-20,3400000.0,2022-08-24,House,4,1,1.0,0.0,261.0,128.0,1885.0,No,2,1.0,Exquisitely renovated Federation beauty,Pello - Lower North Shore,,,,2025,9,140.0,3.07460643394935,0.0,13026.819923371648,4,39,1
M020,Mosman,"14 Effingham Street, Mosman, NSW 2088",2088,https://www.realestate.com.au/sold/property-house-nsw-mosman-144905184,7500000.0,2025-08-20,750000.0,1993-06-17,House,4,3,2.0,0.0,678.0,376.0,1900.0,No,2,0.0,"Flawless Federation, Dress Circle Location",Murphy Residential,,,,2025,8,125.0,32.17522245037645,900.0,11061.946902654867,5,42,0
M021,Mosman,"4 Oswald Street, Mosman, NSW 2088",2088,https://www.realestate.com.au/sold/property-house-nsw-mosman-148603724,5000000.0,2025-08-15,,,House,4,2,2.0,1.0,607.0,269.0,1970.0,Yes,2,0.0,Storybook family entertainer on 607sqm in sought-after pocket,BresicWhitney - Lower North Shore,,,,2025,8,55.0,,,8237.232289950576,8,61,0
M022,Mosman,"26 Euryalus Street, Mosman, NSW 2088",2088,https://www.realestate.com.au/sold/property-house-nsw-mosman-147689860,7300000.0,2025-07-15,8000000.0,2017-07-21,House,5,4,2.0,1.0,470.0,385.0,1950.0,No,2,0.0,"masterpiece of contemporary elegance, offering sweeping views across Middle Harbour",Ray White - Everest Group,,,,2025,7,75.0,7.983572895277208,-8.75,15531.91489361702,10,83,0
M023,Mosman,"24 Gordon Street, Mosman, NSW 2088",2088,https://www.realestate.com.au/sold/property-house-nsw-mosman-148357324,4600000.0,2025-07-11,2500000.0,2016-06-09,House,3,2,2.0,0.0,245.0,120.0,1990.0,No,2,0.0,Balmoral slopes home bathed in northern sunlight,The Agency - North,,,,2025,7,35.0,9.086926762491444,84.0,18775.51020408163,7,48,0
M024,Mosman,"67 Raglan Street, Mosman, NSW 2088",2088,https://www.realestate.com.au/sold/property-house-nsw-mosman-148085992,9650000.0,2025-06-06,,,House,5,3,2.0,1.0,904.0,373.0,1896.0,No,2,1.0,Cleveland' - Flawless 1896 residence exudes quintessential Mosman grandeur,Atlas | Lower North Shore - NEUTRAL BAY.,,,,2025,6,129.0,,,10674.778761061947,9,74,1
M025,Mosman,"18 Pindari Avenue, Mosman, NSW 2088",2088,https://www.realestate.com.au/sold/property-house-nsw-mosman-147967404,7100000.0,2025-06-05,1750000.0,2006-02-02,House,6,3,4.0,1.0,711.0,350.0,2017.0,No,2,0.0,"A contemporary family home for all seasons, architecturally designed and alive with natural light",Ray White Lower North Shore Group,,,,2025,6,8.0,19.33744010951403,305.71428571428567,9985.935302390999,14,97,0
M026,Mosman,"4 Buena Vista Avenue, Mosman, NSW 2088",2088,https://www.realestate.com.au/sold/property-house-nsw-mosman-147179212,19500000.0,2025-05-26,2400000.0,1996-05-18,House,6,3,2.0,1.0,1930.0,380.0,1897.0,No,2,0.0,Landmark Queen Anne Federation home of enduring grandeur,Atlas | Lower North Shore - NEUTRAL BAY. ,,,,2025,5,128.0,29.021218343600275,712.5,10103.626943005182,8,56,1
M027,Mosman,"3/12 Earl Street, Mosman, NSW 2088",2088,https://www.realestate.com.au/sold/property-townhouse-nsw-mosman-148289668,2380000.0,2025-05-23,2380000.0,2025-05-23,Townhouse,3,2,2.0,0.0,289.0,189.0,1984.0,No,2,0.0,Move-in ready townhouse with ample scope to update,McGrath Lower North Shore,"was sold in 2026 again 
Sold
$2,900,000
Sold 21 March 2026 by O'Gorman & Partners Real Estate Co - Mosman",,,2025,5,41.0,0.0,0.0,8235.29411764706,8,50,0
M028,Mosman,"99 Muston Street, Mosman, NSW 2088",2088,https://www.realestate.com.au/sold/property-house-nsw-mosman-145028944,14600000.0,2025-04-06,6490000.0,2015-11-13,House,5,4,4.0,1.0,683.0,304.0,2006.0,No,2,1.0,A complete custom redesign pinnacle of Mosman's luxury market.,Atlas | Lower North Shore - NEUTRAL BAY,,,,2025,4,19.0,9.396303901437372,124.96147919876735,21376.28111273792,9,62,1
M029,Mosman,"14 Amaroo Crescent, Mosman, NSW 2088",2088,https://www.realestate.com.au/sold/property-house-nsw-mosman-147081180,8950000.0,2025-04-02,6300000.0,2019-06-14,House,4,3,4.0,1.0,500.0,334.0,2010.0,No,4,0.0,A Statement in Contemporary Luxury. An Exceptional Residence with Balmoral Beach Access at your door.,Aurora Property Lower North Shore. ,,,,2025,4,15.0,5.801505817932923,42.06349206349206,17900.0,15,101,2
M030,Mosman,"3/1B Badham Avenue, Mosman, NSW 2088",2088,https://www.realestate.com.au/sold/property-townhouse-nsw-mosman-147245400,1735000.0,2025-03-07,1750000.0,2022-11-30,Townhouse,2,1,1.0,0.0,879.0,135.0,1920.0,No,4,0.0,Exclusive Harbourside Living in Charming Townhouse,Atlas | Lower North Shore - NEUTRAL BAY.,"Sold $1,750,000 Sold 30 November 2022 by Ray White Lower North Shore Group",,,2025,3,105.0,2.2669404517453797,-0.8571428571428572,1973.8339021615473,6,50,0
M031,Mosman,"7 David Street, Mosman, NSW 2088",2088,https://www.realestate.com.au/sold/property-house-nsw-mosman-147176100,9600000.0,2025-03-05,112500.0,1994-10-31,House,4,4,2.0,0.0,1079.0,252.0,,No,2,0.0,Character home on a lavish block with glorious water views,Atlas | Lower North Shore - NEUTRAL BAY,,,,2025,3,81.0,30.34360027378508,8433.333333333332,8897.126969416126,10,58,0
M032,Mosman,"1/7 Lang Street, Mosman, NSW 2088",2088,https://www.realestate.com.au/sold/property-townhouse-nsw-mosman-147169292,2975000.0,2025-02-26,3100000.0,2021-06-17,Townhouse,4,2,2.0,0.0,634.0,278.0,1920.0,Yes,1,0.0,Elegant garden residence in boutique setting,BresicWhitney - Lower North Shore,,,,2025,2,105.0,3.696098562628337,-4.032258064516129,4692.4290220820185,6,44,1
M033,Mosman,"2 James Street, Mosman, NSW 2088",2088,https://www.realestate.com.au/sold/property-house-nsw-mosman-141554172,12200000.0,2025-02-21,,,House,6,2,2.0,0.0,2795.0,173.0,1970.0,No,2,0.0,"One of Mosman's Largest Estates Gracing an Incredible 2,795 sqm - Held in the family for over 100 Years",Raine & Horne - Mosman,,,,2025,2,55.0,,,4364.937388193202,19,103,0
M034,Mosman,"1/12 Earl Street, Mosman, NSW 2088",2088,https://www.realestate.com.au/sold/property-townhouse-nsw-mosman-146927276,2600000.0,2025-02-01,,,Townhouse,3,2,2.0,0.0,289.0,125.0,1984.0,No,2,0.0,A magnificent light-filled townhouse,McGrath Lower North Shore,,,,2025,2,41.0,,,8996.539792387543,4,36,0
M035,Mosman,"106 Avenue Road, Mosman, NSW 2088",2088,https://www.realestate.com.au/sold/property-house-nsw-mosman-146931280,3550000.0,2025-01-17,1100000.0,2009-04-28,House,3,1,2.0,0.0,280.0,254.0,1915.0,No,2,0.0,"Prime Mosman Village Location, North facing backyard & Front-to-Rear lane Access!",Raine & Horne - Mosman,,,,2025,1,110.0,15.723477070499658,222.72727272727272,12678.57142857143,11,81,0
M036,Mosman,"6 Delecta Avenue, Mosman, NSW 2088",2088,https://www.realestate.com.au/sold/property-house-nsw-mosman-146365852,8732500.0,2024-12-11,3310000.0,2009-07-04,House,5,4,2.0,1.0,638.0,336.0,1985.0,No,3,1.0,"Mesmerising harbour views, perfect northerly aspect and architectural innovation",Ray White Lower North Shore Group,,,,2024,12,39.0,15.43874058863792,163.82175226586102,13687.30407523511,9,80,0
M037,Mosman,"1/34 Muston Street, Mosman, NSW 2088",2088,https://www.realestate.com.au/sold/property-townhouse-nsw-mosman-146625028,2820000.0,2024-12-07,1315000.0,2010-05-15,Townhouse,3,2,2.0,0.0,610.0,145.0,1979.0,No,4,0.0, Renovate and Capitalise - Create your Dream Home!,Raine & Horne - Mosman,,,,2024,12,45.0,14.565366187542779,114.4486692015209,4622.950819672131,8,50,0
M038,Mosman,"3/83-87 Cabramatta Road, Mosman, NSW 2088",2088,https://www.realestate.com.au/sold/property-townhouse-nsw-mosman-146715584,2600000.0,2024-11-26,,,Townhouse,3,2,2.0,1.0,2165.0,112.0,1987.0,No,2,0.0,"Offering low-maintenance living with high-quality finishes, this dual-level townhouse is an ideal contemporary retreat. The home is situated within a boutique collection of twelve townhouses, nestled around a resort-style swimming pool.", Raine & Horne Lower North Shore.,$1545 per week Leased 20 February 2024 by Latham Cusack Property Services - Neutral Bay,,,2024,11,37.0,,,1200.9237875288684,31,236,1
M039,Mosman,"26 Morella Road, Mosman, NSW 2088",2088,https://www.realestate.com.au/sold/property-house-nsw-mosman-146506156,19500000.0,2024-11-21,15250000.0,2021-05-28,House,6,4,4.0,1.0,1672.0,456.0,1937.0,No,2,1.0,Landmark estate set on 1672 sqm with spectacular Main Harbour Views,Ray White Lower North Shore Group,7 0 2023 Leased $1490 per week Leased 7 February 2023 by Latham Cusack Property Services - Neutral Bay,,,2024,11,87.0,3.485284052019165,27.86885245901639,11662.679425837321,11,67,1
M040,Mosman,"20 Carrington Avenue, Mosman, NSW 2088",2088,https://www.realestate.com.au/sold/property-house-nsw-mosman-146151728,5800000.0,2024-10-26,3760000.0,2019-10-26,House,4,3,2.0,1.0,582.0,224.0,1970.0,Yes,3,0.0,North-facing oasis with water views in Mosman's premier cul-de-sac, BresicWhitney - Lower North Shore,,,,2024,10,54.0,5.002053388090349,54.25531914893617,9965.635738831616,9,66,1
M041,Mosman,"8/800 Military Road, Mosman, NSW 2088",2088,https://www.realestate.com.au/sold/property-townhouse-nsw-mosman-145253688,2600000.0,2024-10-01,1310000.0,2014-05-12,Townhouse,3,2,2.0,0.0,1667.0,135.0,1981.0,No,2,1.0,"Prime Location, Ultimate Convenience and Luxurious Lifestyle",Raine & Horne - Mosman.,,,,2024,10,43.0,10.390143737166325,98.47328244274809,1559.6880623875225,7,60,0
M042,Mosman,"27 Muston Street, Mosman, NSW 2088",2088,https://www.realestate.com.au/sold/property-house-nsw-mosman-146132232,6800000.0,2024-09-22,,,House,4,1,1.0,0.0,503.0,254.0,1910.0,No,2,0.0,Cherished Family Home in Prime Mosman Village Location,Raine & Horne - Mosman,,,,2024,9,114.0,,,13518.886679920477,8,54,0
M043,Mosman,"46 Parriwi Road, Mosman, NSW 2088",2088,https://www.realestate.com.au/sold/property-house-nsw-mosman-145808068,14250000.0,2024-09-02,,,House,6,4,3.0,1.0,2006.0,506.0,1988.0,No,2,0.0,One-of-a kind Federation beauty of distinctive grandeur,Atlas | Lower North Shore - NEUTRAL BAY,,,,2024,9,36.0,,,7103.688933200398,7,55,1
M044,Mosman,"8 Simpson Street, Mosman, NSW 2088",2088,https://www.realestate.com.au/sold/property-house-nsw-mosman-145542060,5475000.0,2024-08-10,,,House,3,1,1.0,0.0,471.0,134.0,1920.0,No,1,0.0,Character Home - Unlock the Potential,O'Gorman & Partners Real Estate Co - Mosman,,,,2024,8,104.0,,,11624.20382165605,6,37,0
M045,Mosman,"99 Shadforth Street, Mosman, NSW 2088",2088,https://www.realestate.com.au/sold/property-house-nsw-mosman-145264172,3100000.0,2024-07-01,1650000.0,2015-06-22,House,3,1,2.0,0.0,264.0,116.0,1910.0,Yes,1,0.0,Updated character in a sought-after village address,BresicWhitney - Lower North Shore,,,,2024,7,114.0,9.026694045174539,87.87878787878788,11742.424242424242,7,51,0
EP001,Epping,"4/22-24 Boronia Avenue, Epping, NSW 2121",2121,https://www.realestate.com.au/sold/property-villa-nsw-epping-151726000,1685000.0,2026-07-29,285000.0,1992-05-08,Villa,3,2,2.0,0.0,2110.0,279.0,1992.0,No,1,0.0,Low-Maintenance Living in a Prime Epping Locale,"Property Value section shows land size as 2,110m2 which reflects the whole complex, not the individual villa lot (left blank); built 1992 per Property Value history",The Agency - Epping,,,2026,7,34.0,34.223134839151264,491.22807017543863,798.5781990521327,7,47,0
EP002,Epping,"9 McKechnie Street, Epping, NSW 2121",2121,https://www.realestate.com.au/sold/property-house-nsw-epping-151840916,2300000.0,2026-07-22,,,House,4,2,1.0,0.0,740.0,209.0,,No,1,0.0,Spacious home in need of renovation,,McGrath Epping,,,2026,7,29.0,,,3108.108108108108,6,35,0
EP003,Epping,"81 Chesterfield Road, Epping, NSW 2121",2121,https://www.realestate.com.au/sold/property-house-nsw-epping-151201008,2968000.0,2026-07-02,2625000.0,2023-06-27,House,4,2,1.0,1.0,860.0,239.0,1950.0,No,1,0.0,Charming Family Home in a Premium Epping Pocket,"Land size (860m2) sourced from Property Value section, not stated in listing itself; prior sale in 2023 for $2,625,000 per Property Value history",Tracy Yap Realty - Epping,,,2026,7,76.0,3.0143737166324436,13.066666666666665,3451.1627906976746,8,47,0
EP004,Epping,"2/30 Third Avenue, Epping, NSW 2121",2121,https://www.realestate.com.au/sold/property-villa-nsw-epping-150975720,1530000.0,2026-06-22,525000.0,2004-07-10,Villa,3,2,2.0,0.0,239.0,200.0,2001.0,No,1,0.0,SOLD BY MYPROPERTY SYDNEY - PETER HOROZAKIS,,MyProperty Sydney,,,2026,6,25.0,21.949349760438057,191.42857142857144,6401.673640167364,7,43,0
EP005,Epping,"7/28 Kent Street, Epping, NSW 2121",2121,https://www.realestate.com.au/sold/property-townhouse-nsw-epping-151301240,1700000.0,2026-06-17,1339000.0,2019-07-31,Townhouse,3,2,2.0,0.0,,243.0,2000.0,No,2,0.0,Exclusive Living in a Highly Desirable Setting,"Property Value section shows land size as 3,617m2 (same complex as 4/28-34 Kent Street) - reflects whole complex, not individual lot (left blank); building size differs slightly between listing (233m2 'Total Size') and Property Value (243m2 floor area)",McGrath Epping,,,2026,6,26.0,6.880219028062971,26.960418222554143,,7,46,0
EP006,Epping,"3/115 Carlingford Road, Epping, NSW 2121",2121,https://www.realestate.com.au/sold/property-townhouse-nsw-epping-151062404,1517888.0,2026-05-27,1210000.0,2017-01-30,Townhouse,3,2,1.0,0.0,313.0,131.0,2010.0,No,2,0.0,Spacious Townhouse | Top School Catchment | Walk to Everything,Property Value section shows sold date as 20 May 2026 (differs from listing's 27 May 2026); land size (313m2) sourced from Property Value section only,Stone Real Estate - Beecroft / Castle Hill / Epping,,,2026,5,16.0,9.319644079397673,25.445289256198343,4849.482428115016,10,62,0
EP007,Epping,"2/14 Cliff Road, Epping, NSW 2121",2121,https://www.realestate.com.au/sold/property-house-nsw-epping-150938052,1750000.0,2026-05-16,540000.0,2003-08-06,House,3,2,2.0,0.0,966.0,413.0,1940.0,No,1,1.0,Effortless Family Living in a Prime Epping Pocket,Property Value section shows land size as 966m2 (whole complex/lot); listing's own key details state 497m2 for the individual lot,McGrath Epping,,,2026,5,86.0,22.77618069815195,224.0740740740741,1811.5942028985507,8,49,0
EP008,Epping,"190 Ray Road, Epping, NSW 2121",2121,https://www.realestate.com.au/sold/property-house-nsw-epping-150691484,2100000.0,2026-04-10,,,House,4,1,1.0,0.0,696.0,229.0,,No,2,0.0,Ideal Building Block with 21m frontage - North to Rear,,Ray White Horizon Group - North,,,2026,4,29.0,,,3017.2413793103447,10,54,0
EP009,Epping,"23/38 Stanley Road, Epping, NSW 2121",2121,https://www.realestate.com.au/sold/property-townhouse-nsw-epping-150489840,1520000.0,2026-03-31,363000.0,2001-05-25,Townhouse,3,2,2.0,0.0,,213.0,,No,2,1.0,Duplex-Style Townhouse with Ultimate Privacy,"Property Value section shows land size as 11,341m2 which reflects the whole complex, not the individual lot (left blank)",Ray White - Epping,,,2026,3,29.0,24.84873374401095,318.73278236914604,,5,44,0
EP010,Epping,"2/8-10 Angus Avenue, Epping, NSW 2121",2121,https://www.realestate.com.au/sold/property-villa-nsw-epping-150450244,1915000.0,2026-02-27,1280000.0,2015-11-14,Villa,3,2,2.0,0.0,3002.0,238.0,,No,2,0.0,EXCLUSIVE OFF MARKET OPPORTUNITY,"Property Value section shows land size as 3,002m2 which reflects the whole complex, not the individual villa lot (left blank)",The Agency - Epping,,,2026,2,29.0,10.288843258042437,49.609375,637.9080612924716,4,32,0
EP011,Epping,"77 Chester Street, Epping, NSW 2121",2121,https://www.realestate.com.au/sold/property-house-nsw-epping-150133412,3305000.0,2026-02-25,2820000.0,2022-08-27,House,5,2,2.0,0.0,993.0,275.0,,No,1,0.0,Timeless Family Home on 992.7sqm in Blue-Ribbon Epping,"Prior sale in 2022 for $2,820,000 per Property Value history",Ray White - Epping,,,2026,2,29.0,3.4989733059548254,17.19858156028369,3328.2980866062435,8,54,0
EP012,Epping,"29 Somerset Street, Epping, NSW 2121",2121,https://www.realestate.com.au/sold/property-house-nsw-epping-149125348,1925000.0,2026-02-05,,,House,3,2,3.0,0.0,817.0,284.0,,No,2,0.0,Rare Opportunity on 817sqm with 25m Frontage,,Ray White Horizon Group - North,,,2026,2,29.0,,,2356.181150550796,7,44,1
EP013,Epping,"8A Lomax Street, Epping, NSW 2121",2121,https://www.realestate.com.au/sold/property-duplex+semi-detached-nsw-epping-149494544,2328888.0,2026-01-21,1500000.0,2019-06-13,Duplex/semi-detached,5,4,2.0,0.0,439.0,231.0,2019.0,No,2,0.0,"Spacious and whisper-quiet, moments from the heart of Epping and Carlingford",Property Value section shows sold date as 14 Jan 2026 (differs from listing's 21 Jan 2026),Uniland Real Estate | Epping - Castle Hill,,,2026,1,7.0,6.609171800136893,55.2592,5304.984054669704,11,76,0
EP014,Epping,"6/110 Midson Road, Epping, NSW 2121",2121,https://www.realestate.com.au/sold/property-villa-nsw-epping-149920620,1716000.0,2026-01-17,1155000.0,2018-10-23,Villa,3,1,2.0,0.0,302.0,241.0,,Super Saturday auction,1,0.0,Enticing full brick family villa of outstanding space and privacy,,McGrath Epping,,,2026,1,29.0,7.236139630390143,48.57142857142857,5682.119205298013,10,65,0
EP015,Epping,"2C Treeview Place, Epping, NSW 2121",2121,https://www.realestate.com.au/sold/property-house-nsw-epping-149231748,3388000.0,2026-01-15,3388000.0,2025-12-31,House,5,3,3.0,0.0,500.3,190.0,,No,4,0.0,"Designed for exceptional entertaining, crafted for flawless living","Property Value section shows sold date as 31 Dec 2025 (differs from listing's 15 Jan 2026); leased for $1,900/week in Mar 2026 after sale",Uniland Real Estate | Epping - Castle Hill,,,2026,1,29.0,0.04106776180698152,0.0,6771.936837897261,8,66,1
EP016,Epping,"43 Hillcrest Avenue, Epping, NSW 2121",2121,https://www.realestate.com.au/sold/property-house-nsw-epping-149643892,3338888.0,2025-12-16,2120000.0,2014-12-13,House,5,3,2.0,1.0,878.0,299.0,,No,2,0.0,An Elegant Creation Perfectly Positioned for Convenience,,Uniland Real Estate | Epping - Castle Hill,,,2025,12,29.0,11.008898015058179,57.49471698113208,3802.8337129840547,7,56,1
EP017,Epping,"22/40-42 Stanley Road, Epping, NSW 2121",2121,https://www.realestate.com.au/sold/property-townhouse-nsw-epping-149402300,1850000.0,2025-12-10,505000.0,2002-07-13,Townhouse,4,2,2.0,0.0,,267.0,,No,2,0.0,Bright East-Facing Duplex-Style Townhouse With Rare Privacy,"Property Value section shows sold date as 5 Dec 2025 (differs from listing's 10 Dec 2025); land size of 10,294m2 reflects whole complex, not individual lot (left blank)",Ray White - Epping,,,2025,12,29.0,23.411362080766597,266.33663366336634,,7,59,1
EP018,Epping,"3/2A Hillside Crescent, Epping, NSW 2121",2121,https://www.realestate.com.au/sold/property-townhouse-nsw-epping-149562772,1748000.0,2025-11-30,1070000.0,2015-10-10,Townhouse,4,2,2.0,0.0,266.0,144.0,,No,2,1.0,New Renovated Townhouse in a Coveted Epping Enclave,,Uniland Real Estate | Epping - Castle Hill,,,2025,11,29.0,10.140999315537304,63.36448598130842,6571.428571428572,8,51,0
EP019,Epping,"146A Pennant Parade, Epping, NSW 2121",2121,https://www.realestate.com.au/sold/property-house-nsw-epping-149207520,2830000.0,2025-10-23,,,House,5,5,2.0,1.0,464.0,461.0,,No,2,0.0,Sold - David Pisano,Property Value section shows land size as 461m2 (listing states 464m2) - minor rounding discrepancy,McGrath - Strathfield,,,2025,10,29.0,,,6099.137931034483,4,19,0
EP020,Epping,"4/28-34 Kent Street, Epping, NSW 2121",2121,https://www.realestate.com.au/sold/property-townhouse-nsw-epping-149057844,1875000.0,2025-10-11,485000.0,2001-01-22,Townhouse,3,2,2.0,0.0,,248.0,,No,4,0.0,Oversized Modern Townhouse in Leafy Yet Central Parkside Pocket,"Land size (248m2) taken from listing's own Key Details; Property Value section shows 3,617m2 which reflects the whole complex, not the individual lot",McGrath Epping,,,2025,10,29.0,24.71731690622861,286.5979381443299,,9,63,0
EP021,Epping,"3 Kent Street, Epping, NSW 2121",2121,https://www.realestate.com.au/sold/property-house-nsw-epping-148946340,3245000.0,2025-09-27,,,House,4,2,3.0,0.0,860.0,317.0,1921.0,No,2,0.0,"Double Brick c1921, character bungalow with 20.12m approx frontage",,Stone Real Estate - Beecroft / Castle Hill / Epping,,,2025,9,104.0,,,3773.2558139534885,9,66,0
EP022,Epping,"17 York Street, Epping, NSW 2121",2121,https://www.realestate.com.au/sold/property-house-nsw-epping-149086968,3005800.0,2025-09-15,1465000.0,2014-11-22,House,5,3,2.0,1.0,809.0,245.0,1950.0,No,1,0.0,Prestigious 6-Bedroom Family Haven on Spacious Level Block in Epping,Listing title says '6-Bedroom' but header icon and Property Value section both show 5 bedrooms; Property Value section attributes the sale to 'McConnell Bourn' whereas the listing displays 'Raine & Horne Carlingford/Epping' as the agency,Raine & Horne Carlingford/Epping,,,2025,9,75.0,10.8145106091718,105.1740614334471,3715.451174289246,10,68,1
EP023,Epping,"1A Hillcrest Avenue, Epping, NSW 2121",2121,https://www.realestate.com.au/sold/property-house-nsw-epping-148840448,2588000.0,2025-09-12,,,House,5,2,2.0,0.0,1104.0,242.0,,No,2,0.0,"Privacy on 1104sqm - in Epping West, Cheltenham Girls, Epping Boys zones",,Stone Real Estate - Beecroft / Castle Hill / Epping,,,2025,9,29.0,,,2344.2028985507245,12,72,0
EP024,Epping,"1/34 Kandy Avenue, Epping, NSW 2121",2121,https://www.realestate.com.au/sold/property-townhouse-nsw-epping-148628132,1610000.0,2025-08-30,605000.0,2007-10-09,Townhouse,3,2,1.0,0.0,232.0,232.0,,No,2,0.0,Hidden Gem - Sunlit Townhouse Close to Everything,,McGrath Epping,,,2025,8,29.0,17.89185489390828,166.11570247933884,6939.6551724137935,8,49,0
EP025,Epping,"5/16 Hillside Crescent, Epping, NSW 2121",2121,https://www.realestate.com.au/sold/property-villa-nsw-epping-148877240,1550000.0,2025-08-22,800000.0,2013-03-01,Villa,3,2,2.0,0.0,3035.0,289.0,,No,2,0.0,Spacious villa in tranquil surrounds overlooking reserve,"Land size (3,035m2) reflects the whole complex, not the individual villa lot; building size 289m2 is the individual unit",McGrath Epping,,,2025,8,29.0,12.476386036960985,93.75,510.70840197693576,7,56,0
EP026,Epping,"1/2A Hillside Crescent, Epping, NSW 2121",2121,https://www.realestate.com.au/sold/property-villa-nsw-epping-148581932,1655000.0,2025-08-16,611100.0,2004-12-15,Villa,3,2,2.0,0.0,263.0,228.0,,No,2,0.0,Effortless Living in a Prime Walk-to-Rail Location,,Ray White Horizon Group - North,,,2025,8,29.0,20.66803559206023,170.82310587465227,6292.775665399239,7,50,0
EP027,Epping,"1A Hermington Street, Epping, NSW 2121",2121,https://www.realestate.com.au/sold/property-house-nsw-epping-147746600,2903888.0,2025-07-29,872000.0,2008-03-15,House,4,2,2.0,0.0,400.0,168.0,2005.0,No,2,0.0,Immaculate Sunlit Family Home in Superb Locale,"Land size (400m2) and year built (2005) sourced from Property Value section, not stated in listing itself",Uniland Real Estate | Epping - Castle Hill,,,2025,7,20.0,17.371663244353183,233.01467889908255,7259.72,7,46,0
EP028,Epping,"22 Kent Street, Epping, NSW 2121",2121,https://www.realestate.com.au/sold/property-house-nsw-epping-148375432,3318888.0,2025-07-11,1855000.0,2015-02-10,House,4,2,2.0,1.0,765.1,281.0,1920.0,No,2,0.0,Enduring elegance meets modern family living in a prestigious address,,Uniland Real Estate | Epping - Castle Hill,,,2025,7,105.0,10.414784394250514,78.91579514824798,4337.848647235655,10,69,1
EP029,Epping,"18 Magnolia Avenue, Epping, NSW 2121",2121,https://www.realestate.com.au/sold/property-house-nsw-epping-148220684,3912000.0,2025-06-29,1210000.0,2014-02-20,House,5,3,2.0,0.0,834.7,305.0,2016.0,No,2,1.0,Elegant. Expansive. Exclusive. Your Dream Home Awaits,,Uniland Real Estate | Epping - Castle Hill,,,2025,6,9.0,11.353867214236825,223.30578512396696,4686.713789385408,7,53,1
EP030,Epping,"16 Grandview Parade, Epping, NSW 2121",2121,https://www.realestate.com.au/sold/property-house-nsw-epping-148139680,4000000.0,2025-06-25,875000.0,2002-03-27,House,5,2,4.0,1.0,1201.0,394.0,,No,2,0.0,Grand full-brick home on sprawling 1201sqm block,,The Agency - Epping,,,2025,6,29.0,23.247091033538673,357.14285714285717,3330.5578684429643,7,48,1
EP031,Epping,"15 Rockleigh Way, Epping, NSW 2121",2121,https://www.realestate.com.au/sold/property-house-nsw-epping-147916244,2266000.0,2025-05-29,830000.0,2012-03-02,House,3,2,2.0,0.0,257.6,125.0,,Yes,1,1.0,SOLD for Complex Record Price,,Uniland Real Estate | Epping - Castle Hill,,,2025,5,29.0,13.240246406570842,173.0120481927711,8796.583850931676,5,29,0
EP032,Epping,"54 Epping Avenue, Epping, NSW 2121",2121,https://www.realestate.com.au/sold/property-house-nsw-epping-145762164,3030000.0,2025-05-08,1788000.0,2017-03-22,House,6,5,3.0,0.0,824.0,185.0,,No,2,0.0,"STYLE, QUALITY & FUNCTIONALITY",Building size (450m2) sourced from listing description body text,Homeville - NORTH ROCKS,,,2025,5,29.0,8.128678986995208,69.46308724832215,3677.1844660194174,4,30,0
EP033,Epping,"5/52-54 Third Avenue, Epping, NSW 2121",2121,https://www.realestate.com.au/sold/property-villa-nsw-epping-147734836,1430000.0,2025-05-07,538000.0,2009-07-14,Villa,3,2,1.0,0.0,3088.0,220.0,,No,1,0.0,Spacious Full-Brick Villa in Prime Location,"Land size (3,088m2) reflects the whole complex, not the individual villa lot; building size 220m2 is the individual unit",Ray White - Epping,,,2025,5,29.0,15.813826146475018,165.7992565055762,463.08290155440415,6,43,0
EP034,Epping,"12B Kandy Avenue, Epping, NSW 2121",2121,https://www.realestate.com.au/sold/property-house-nsw-epping-147430980,2670000.0,2025-03-29,,,House,3,4,4.0,0.0,951.8,260.0,2005.0,No,4,0.0,Luxurious master-crafted home with short walk to Epping Metro,"Property Value section shows conflicting 6 bed/5 bath (vs listing's 3/4); floor area 260m2, built 2005 and storeys 4 sourced from Property Value section only",Belle Property Ryde - RYDE,,,2025,3,20.0,,,2805.2111788190796,9,61,0
EP035,Epping,"13 Chesterfield Road, Epping, NSW 2121",2121,https://www.realestate.com.au/sold/property-house-nsw-epping-146558984,3180000.0,2025-01-24,2867000.0,2021-11-06,House,4,2,1.0,0.0,1005.0,240.0,,No,1,0.0,"Chesterfield Charmer on Expansive 1,005sqm (approx.) Corner Block","Property Value section shows sold date as 17 Jan 2025 (differs from listing's 24 Jan 2025); prior sale in 2021 for $2,867,000",Uniland Real Estate | Epping - Castle Hill,,,2025,1,29.0,3.216974674880219,10.917335193582142,3164.179104477612,8,65,0
EP036,Epping,"10 Leicester Street, Epping, NSW 2121",2121,https://www.realestate.com.au/sold/property-house-nsw-epping-146447036,3216000.0,2024-11-26,,,House,5,3,4.0,1.0,765.0,312.0,,No,2,0.0,Spacious Family Oasis with Sparkling Salt Water Inground Pool,,Ray White - Carlingford,,,2024,11,29.0,,,4203.921568627451,9,61,0
EP037,Epping,"14 Second Avenue, Epping, NSW 2121",2121,https://www.realestate.com.au/sold/property-house-nsw-epping-146491996,2850000.0,2024-11-23,760000.0,2003-09-04,House,4,3,2.0,1.0,697.0,262.0,1950.0,No,2,0.0,Family Entertainer in Cheltenham Girls Catchment and Potential Duplex Site (STCA),"Property Value section shows car spaces as 1 (vs listing's 2, garage+carport)",Stone Real Estate - Beecroft / Castle Hill / Epping,,,2024,11,74.0,21.22108145106092,275.0,4088.9526542324247,11,81,0
EP038,Epping,"2/1 Tarragundi Road, Epping, NSW 2121",2121,https://www.realestate.com.au/sold/property-villa-nsw-epping-146215628,1771888.0,2024-10-27,850000.0,2013-05-28,Villa,3,2,1.0,0.0,279.0,112.0,1994.0,Yes,1,1.0,Sold for New Suburb Record (villa),Land size (279m2) sourced from Property Value section; not stated in listing's own features,Uniland Real Estate | Epping - Castle Hill,,,2024,10,30.0,11.416837782340862,108.4574117647059,6350.8530465949825,6,34,0
EP039,Epping,"19 Windermere Road, Epping, NSW 2121",2121,https://www.realestate.com.au/sold/property-house-nsw-epping-146083220,2500000.0,2024-10-16,1642000.0,2019-09-04,House,4,2,2.0,0.0,739.0,291.0,,No,1,1.0,A Family Haven with Future Potential,,Tracy Yap Realty - Epping,,,2024,10,29.0,5.117043121149897,52.25334957369062,3382.9499323410014,6,36,0
EP040,Epping,"2 Abuklea Road, Epping, NSW 2121",2121,https://www.realestate.com.au/sold/property-house-nsw-epping-145725252,2550000.0,2024-09-19,266000.0,1993-06-10,House,3,1,2.0,1.0,1060.0,211.0,,No,2,0.0,Character home & development opportunity on 1060m2,,Harris Partners Real Estate - Balmain,,,2024,9,29.0,31.277207392197127,858.6466165413533,2405.6603773584907,7,50,0
EP041,Epping,"11 Third Avenue, Epping, NSW 2121",2121,https://www.realestate.com.au/sold/property-house-nsw-epping-145772156,2826000.0,2024-09-08,443000.0,2002-06-13,House,4,2,3.0,0.0,562.0,261.0,2004.0,No,2,1.0,Tranquil Sunlit Family Haven in Ultra Convenient Locale,Property Value section shows car spaces as 2 (vs listing's 3),Uniland Real Estate | Epping - Castle Hill,,,2024,9,20.0,22.239561943874058,537.923250564334,5028.46975088968,8,55,0
EP042,Epping,"10 Hillside Crescent, Epping, NSW 2121",2121,https://www.realestate.com.au/sold/property-house-nsw-epping-145768412,2100000.0,2024-08-31,1655000.0,2017-03-01,House,2,1,2.0,0.0,1182.0,201.0,1975.0,No,2,0.0,Fantastic home near Epping station and Park,"Property Value section shows conflicting 3 bed/3 bath/6 car (vs listing's 2/1/2); also shows historical sales in 2017 ($1,655,000) and 2002 ($650,000)",McGrath Epping,,,2024,8,49.0,7.501711156741957,26.888217522658607,1776.6497461928934,7,43,0
EP043,Epping,"5 McKechnie Street, Epping, NSW 2121",2121,https://www.realestate.com.au/sold/property-house-nsw-epping-145641440,3915000.0,2024-08-24,2350000.0,2017-12-02,House,7,4,2.0,0.0,929.0,65.0,2012.0,No,2,0.0,Spacious Family Home with Granny Flat in Great Location,"Listing's own Property features separately list Carport spaces:2 + Garage spaces:2 (4 total) vs header icon showing car=2; Property Value section shows an unrelated/mismatched record (2 bed/1 bath/0 car Unit, built 2012, land 930m2, floor 65m2) - inconsistent with the listing's 7-bed house with granny flat description, likely a data error in that section",Stone Real Estate - Beecroft / Castle Hill / Epping,,,2024,8,12.0,6.7268993839835725,66.59574468085107,4214.2088266953715,9,55,0
EP044,Epping,"3A Melrose Street, Epping, NSW 2121",2121,https://www.realestate.com.au/sold/property-house-nsw-epping-145382256,4400000.0,2024-07-27,,,House,5,3,2.0,0.0,526.0,268.0,,No,2,0.0,Luxuriously crafted brand new timeless masterpiece,,McGrath Epping,,,2024,7,29.0,,,8365.019011406845,6,50,0
EP045,Epping,"4/73A Essex Street, Epping, NSW 2121",2121,https://www.realestate.com.au/sold/property-townhouse-nsw-epping-145592988,1690000.0,2024-07-25,680000.0,2011-07-01,Townhouse,3,2,2.0,0.0,3860.0,85.0,1995.0,No,2,1.0,Luxury and convenient low maintenance lifestyle,"Land size (3,860m2) shown in Property Value section reflects the whole complex, not the individual townhouse lot (left blank)",McGrath Epping,,,2024,7,29.0,13.067761806981519,148.52941176470588,437.8238341968912,6,47,1
BT001,Blacktown,"9 Nicholas Street, Blacktown, NSW 2148",2148,https://www.realestate.com.au/sold/property-house-nsw-blacktown-151025772,1200000.0,2026-07-28,,,House,5,2,1.0,0.0,550.0,282.0,,No,1,0.0,Spacious Family Home,Starr Partners - Blacktown,,,,2026,7,21.0,,,2181.818181818182,3,20,0
BT002,Blacktown,"3 Kingsford Street, Blacktown, NSW 2148",2148,https://www.realestate.com.au/sold/property-house-nsw-blacktown-151059772,1050000.0,2026-07-23,,,House,3,2,1.0,0.0,768.0,204.0,,No,1,0.0,Versatile Family Home with Detached Teenagers' Retreat & Expansive Backyard,Manor Real Estate,,,,2026,7,21.0,,,1367.1875,10,75,0
BT003,Blacktown,"1 Wilga Street, Blacktown, NSW 2148",2148,https://www.realestate.com.au/sold/property-house-nsw-blacktown-151470032,950000.0,2026-06-22,215000.0,2000-10-06,House,1,1,2.0,0.0,626.0,145.0,,No,1,0.0,SOLD BY CRAIG ROBINSON,Ray White Castle Hill,,,,2026,6,21.0,25.70841889117043,341.86046511627904,1517.5718849840255,4,22,0
BT004,Blacktown,"13 Turner Street, Blacktown, NSW 2148",2148,https://www.realestate.com.au/sold/property-house-nsw-blacktown-150986952,1020000.0,2026-06-12,801000.0,2021-08-29,House,3,1,2.0,0.0,562.0,206.0,1960.0,No,1,0.0,"Sold By Sandy Shi & Mandy Huang ""Maison Bridge Property""",Maison Bridge Property - WEST RYDE,,,,2026,6,66.0,4.785763175906913,27.340823970037455,1814.946619217082,10,56,0
BT005,Blacktown,"4/65 Turner Street, Blacktown, NSW 2148",2148,https://www.realestate.com.au/sold/property-villa-nsw-blacktown-150970708,800000.0,2026-05-29,625000.0,2022-11-25,Villa,3,1,2.0,0.0,2217.0,197.0,2003.0,No,1,0.0,Perfect First Home or Investment in a Quiet Complex,Manor Real Estate,,,,2026,5,23.0,3.5071868583162216,28.000000000000004,360.8479927830401,9,51,0
BT006,Blacktown,"27 Fullam Road, Blacktown, NSW 2148",2148,https://www.realestate.com.au/sold/property-house-nsw-blacktown-150808324,1650500.0,2026-05-03,691000.0,2020-07-28,House,5,2,4.0,0.0,565.0,253.0,2022.0,No,2,0.0,GRAND FAMILY HOME!, Sky Property,,,,2026,5,4.0,5.763175906913073,138.85672937771346,2921.238938053097,3,18,1
BT007,Blacktown,"18 De Castella Drive, Blacktown, NSW 2148",2148,https://www.realestate.com.au/sold/property-house-nsw-blacktown-150804088,1640000.0,2026-04-29,135900.0,1999-04-16,House,4,3,2.0,0.0,573.0,300.0,2005.0,No,2,0.0,Luxurious Family Living with Expansive Spaces and Modern Comforts,Ausrealty Hills District,,,,2026,4,21.0,27.0362765229295,1106.7696835908757,2862.129144851658,9,65,0
BT008,Blacktown,"6/78 Turner Street, Blacktown, NSW 2148",2148,https://www.realestate.com.au/sold/property-villa-nsw-blacktown-150485616,790000.0,2026-04-11,790000.0,2026-03-10,Villa,2,1,1.0,0.0,169.0,78.0,2008.0,,2,0.0,Stylish Villa with Massive Backyard in Prime Blacktown Location,Harcourts - KELLYVILLE,,,,2026,4,18.0,0.08761122518822724,0.0,4674.556213017751,9,63,0
BT009,Blacktown,"5 Huntley Drive, Blacktown, NSW 2148",2148,https://www.realestate.com.au/sold/property-townhouse-nsw-blacktown-150555776,835000.0,2026-03-29,643000.0,2019-11-25,Townhouse,3,2,1.0,0.0,21686.0,89.0,1995.0,No,2,0.0,SOLD BY RICHARD MATTHEWS REAL ESTATE,Richard Matthews Real Estate - The Hills,,,,2026,3,31.0,6.3408624229979464,29.86003110419907,38.504104030249934,6,36,0
BT010,Blacktown,"50 Ellerston Glade, Blacktown, NSW 2148",2148,https://www.realestate.com.au/sold/property-house-nsw-blacktown-149737172,1150000.0,2026-03-04,900000.0,2023-02-26,House,3,2,2.0,0.0,354.0,146.0,2018.0,No,2,0.0,SOLD BY RONALD RAMIREZ,McConnell Bourn- Hills District,,,,2026,3,8.0,3.0171115674195756,27.77777777777778,3248.587570621469,4,22,0
BT011,Blacktown,"10/36 Sylvia Street, Blacktown, NSW 2148",2148,https://www.realestate.com.au/sold/property-townhouse-nsw-blacktown-150444164,821000.0,2026-02-27,620000.0,2021-09-18,Townhouse,3,1,2.0,0.0,2915.0,88.0,1998.0,No,2,0.0,SOLD OFF MARKET BY MARC HADDAD,Ray White United Group,,,,2026,2,28.0,4.4435318275154,32.41935483870968,281.6466552315609,6,30,0
BT012,Blacktown,"10/67 Orwell Street, Blacktown, NSW 2148",2148,https://www.realestate.com.au/sold/property-villa-nsw-blacktown-150005960,732000.0,2026-02-02,485501.0,2020-09-19,Villa,2,1,1.0,0.0,165.0,84.0,2002.0,No,2,0.0,The Perfect Start,Starr Partners - Blacktown,,,,2026,2,24.0,5.371663244353183,50.77208903792165,4436.363636363636,3,17,0
BT013,Blacktown,"26 Rutherford Street, Blacktown, NSW 2148",2148,https://www.realestate.com.au/sold/property-house-nsw-blacktown-149920004,1040000.0,2026-01-31,,,House,1,1,2.0,0.0,556.0,139.0,1960.0,Yes,1,0.0,Endless Potential on a Prime North-Facing Block,McGrath Blacktown,,,,2026,1,66.0,,,1870.5035971223022,7,47,0
BT014,Blacktown,"11 Ironwood Crescent, Blacktown, NSW 2148",2148,https://www.realestate.com.au/sold/property-house-nsw-blacktown-149404572,860000.0,2026-01-07,607000.0,2015-11-07,House,2,1,1.0,0.0,372.0,153.0,2017.0,No,2,0.0,"Style, Space & Convenience!",McGrath Blacktown,,,,2026,1,9.0,10.168377823408624,41.680395387149915,2311.8279569892475,4,27,0
BT015,Blacktown,"2/12 Sinclair Avenue, Blacktown, NSW 2148",2148,https://www.realestate.com.au/sold/property-townhouse-nsw-blacktown-149699120,890000.0,2025-12-29,620000.0,2017-07-15,Townhouse,3,2,2.0,0.0,6443.0,211.0,1996.0,No,2,0.0,PERFECT FIRST HOME,McConnell Bourn- Hills District,,,,2025,12,29.0,8.457221081451062,43.54838709677419,138.13440943659785,3,18,0
BT016,Blacktown,"13/41 Doonside Crescent, Blacktown, NSW 2148",2148,https://www.realestate.com.au/sold/property-villa-nsw-blacktown-149807708,850000.0,2025-12-05,710000.0,2023-07-03,Villa,3,2,1.0,0.0,217.0,100.0,2007.0,No,1,0.0,Charming & Spacious 3-Bedroom Villa - A Beautiful First Home or Smart Investment,Ray White - Blacktown City,,,,2025,12,18.0,2.425735797399042,19.718309859154928,3917.0506912442397,13,80,0
BT017,Blacktown,"47 Birdie Circuit, Blacktown, NSW 2148",2148,https://www.realestate.com.au/sold/property-house-nsw-blacktown-149271028,1065000.0,2025-11-27,715000.0,2018-04-04,House,3,1,2.0,0.0,243.0,200.0,2019.0,No,2,0.0,SOLD BY VIJAY KHATRI,DKB Real Estate,,,,2025,11,6.0,7.649555099247091,48.95104895104895,4382.716049382716,4,20,0
BT018,Blacktown,"48 Birdie Circuit, Blacktown, NSW 2148",2148,https://www.realestate.com.au/sold/property-house-nsw-blacktown-149347140,1132500.0,2025-11-17,768000.0,2020-09-14,House,3,2,2.0,0.0,169.0,147.0,2020.0,No,2,0.0,SOLD BY HASH SOULTANI BLACKTOWN'S #1 AGENT,Raine & Horne Soultani Group - BLACKTOWN,,,,2025,11,5.0,5.174537987679671,47.4609375,6701.183431952662,7,42,0
BT019,Blacktown,"12A Douglas Road, Blacktown, NSW 2148",2148,https://www.realestate.com.au/sold/property-townhouse-nsw-blacktown-145875708,830000.0,2025-10-30,620000.0,2020-01-28,Townhouse,3,2,1.0,0.0,8012.0,98.0,1999.0,No,2,0.0,Another Sold Off Market !!,Akshar Realty - BLACKTOWN,,,,2025,10,26.0,5.754962354551677,33.87096774193548,103.5946080878682,5,26,0
BT020,Blacktown,"45 Birdie Ct, Blacktown, NSW 2148",2148,https://www.realestate.com.au/sold/property-house-nsw-blacktown-149002244,930000.0,2025-10-10,665000.0,2019-06-27,House,2,1,1.0,0.0,186.0,180.0,2019.0,No,2,0.0,Paddington comes to the West,CameronCooper Real Estate,,,,2025,10,6.0,6.288843258042436,39.849624060150376,5000.0,5,28,0
BT021,Blacktown,"35 Ironwood Crescent, Blacktown, NSW 2148",2148,https://www.realestate.com.au/sold/property-house-nsw-blacktown-148661756,995000.0,2025-09-29,699000.0,2019-09-19,House,3,2,2.0,0.0,178.0,171.0,2019.0,No,2,0.0,SOLD BY MATT BROOKS,Manor Real Estate,,,,2025,9,6.0,6.028747433264887,42.34620886981402,5589.887640449439,4,19,0
BT022,Blacktown,"128 & 128A Newton Road, Blacktown, NSW 2148",2148,https://www.realestate.com.au/sold/property-house-nsw-blacktown-148791076,1376000.0,2025-09-13,147500.0,1991-03-28,House,4,2,2.0,0.0,929.0,254.0,,No,1,0.0,Huge 929m2 Block - Approved Dual Occupancy,McGrath Blacktown,,,,2025,9,21.0,34.46406570841889,832.8813559322034,1481.162540365985,7,42,0
BT023,Blacktown,"5 Hilltop Avenue, Blacktown, NSW 2148",2148,https://www.realestate.com.au/sold/property-house-nsw-blacktown-148581724,1131000.0,2025-08-17,628000.0,2019-05-03,House,4,2,2.0,0.0,568.0,206.0,1975.0,Yes,2,1.0,SOLD AT AUCTION BY MATT BROOKS, Manor Real Estate,,,,2025,8,50.0,6.291581108829569,80.09554140127389,1991.1971830985915,6,30,0
BT024,Blacktown,"37 Charles Street, Blacktown, NSW 2148",2148,https://www.realestate.com.au/sold/property-house-nsw-blacktown-148353952,1146000.0,2025-07-28,324950.0,2002-11-16,House,4,2,2.0,0.0,569.0,231.0,1982.0,No,4,0.0,SOLD BY HASH SOULTANI BLACKTOWN'S,Raine & Horne Soultani Group - BLACKTOWN,,,,2025,7,43.0,22.69678302532512,252.66964148330513,2014.0597539543057,5,33,0
BT025,Blacktown,"33 Highview Street, Blacktown, NSW 2148",2148,https://www.realestate.com.au/sold/property-house-nsw-blacktown-148519892,1050000.0,2025-07-29,1050000.0,2025-07-28,House,4,3,2.0,0.0,670.0,188.0,,No,1,0.0,Proudly Positioned - Motivated Sale!, OKARO - Rooty Hill,,,,2025,7,21.0,0.0027378507871321013,0.0,1567.1641791044776,5,36,0
BT026,Blacktown,"37 Tudor Avenue, Blacktown, NSW 2148",2148,https://www.realestate.com.au/sold/property-house-nsw-blacktown-148347156,1615555.0,2025-07-20,320000.0,2008-09-01,House,4,3,2.0,1.0,648.0,282.0,1970.0,Yes,2,0.0,SOLD AT AUCTION BY MATT BROOKS,Manor Real Estate,,,,2025,7,55.0,16.88158795345654,404.8609375,2493.1404320987654,6,30,0
BT027,Blacktown,"63 Fairwater Boulevard, Blacktown, NSW 2148",2148,https://www.realestate.com.au/sold/property-house-nsw-blacktown-148201620,1141500.0,2025-06-29,773000.0,2015-09-27,House,4,2,2.0,0.0,228.0,182.0,2016.0,No,2,0.0,Another outstanding results by team Ray White Kellyville Ridge,Ray White - Kellyville Ridge,,,,2025,6,9.0,9.754962354551678,47.67141009055628,5006.578947368421,9,62,0
BT028,Blacktown,"7/248 Flushcombe Road, Blacktown, NSW 2148",2148,https://www.realestate.com.au/sold/property-villa-nsw-blacktown-148035840,650000.0,2025-06-24,530000.0,2020-07-18,Villa,2,1,1.0,0.0,,187.0,2009.0,No,2,0.0,Modern 2-Bedroom Villa in Prime Blacktown Location,United RE,,,,2025,6,16.0,4.933607118412047,22.641509433962266,,7,50,0
BT029,Blacktown,"4/98 Newton Road, Blacktown, NSW 2148",2148,https://www.realestate.com.au/sold/property-townhouse-nsw-blacktown-148036060,870000.0,2025-05-26,650000.0,2016-12-05,Townhouse,3,2,1.0,0.0,1374.0,128.0,2017.0,No,2,0.0,Enjoy the Convenience: Walking Distance to Westpoint & Blacktown Station!,Ray White - Blacktown City,,,,2025,5,8.0,8.470910335386721,33.84615384615385,633.1877729257642,10,73,0
BT030,Blacktown,"10/5-7 Fifth Avenue, Blacktown, NSW 2148",2148,https://www.realestate.com.au/sold/property-villa-nsw-blacktown-147611268,590000.0,2025-05-13,275500.0,2004-05-12,Villa,2,1,1.0,0.0,,170.0,1984.0,No,2,0.0,Prime Blacktown Location,Urban Real Estate - Glenmore Park,,,,2025,5,41.0,21.00205338809035,114.15607985480945,,3,24,0
BT031,Blacktown,"5 Ajax Place, Blacktown, NSW 2148",2148,https://www.realestate.com.au/sold/property-house-nsw-blacktown-147559664,1075000.0,2025-04-17,956000.0,2022-01-22,House,3,2,2.0,0.0,594.4,159.0,1970.0,No,1,0.0,Functional And Fetching Family Home,Agius Property Group - NORWEST,,,,2025,4,55.0,3.2334017796030117,12.447698744769875,1808.5464333781965,5,35,0
BT032,Blacktown,"10/59-61 Cambridge Street, Blacktown, NSW 2148",2148,https://www.realestate.com.au/sold/property-villa-nsw-blacktown-147618976,848000.0,2025-04-17,590000.0,2014-12-10,Villa,3,2,2.0,0.0,3423.0,89.0,2015.0,No,2,0.0,Cozy 3 Bedroom Villa,Sweet Realty - WEST RYDE,,,,2025,4,10.0,10.351813826146476,43.728813559322035,247.73590417762196,4,20,0
BT033,Blacktown,"68 Walters Road, Blacktown, NSW 2148",2148,https://www.realestate.com.au/sold/property-house-nsw-blacktown-147276272,1880000.0,2025-03-22,820000.0,2021-11-03,House,6,3,2.0,1.0,556.0,335.0,2023.0,No,2,0.0,Stunning Family Home in Blacktown,McConnell Bourn- Hills District,,,,2025,3,2.0,3.381245722108145,129.26829268292684,3381.294964028777,5,33,1
BT034,Blacktown,"2A Lancaster Street, Blacktown, NSW 2148",2148,https://www.realestate.com.au/sold/property-house-nsw-blacktown-147184088,1101000.0,2025-02-20,735000.0,2015-06-13,House,4,2,2.0,0.0,320.0,177.0,2013.0,No,2,0.0,Contemporary Chic Style Double Story House,Uniland Real Estate | Epping - Castle Hill,,,,2025,2,12.0,9.69199178644764,49.795918367346935,3440.625,6,42,0
BT035,Blacktown,"25B/179 Reservoir Road, Blacktown, NSW 2148",2148,https://www.realestate.com.au/sold/property-villa-nsw-blacktown-147083896,570000.0,2025-02-18,,,Villa,2,1,1.0,0.0,1820.0,136.0,1991.0,No,2,0.0,Charming Villa,Starr Partners - Blacktown,,,,2025,2,34.0,,,313.1868131868132,2,14,0
BT036,Blacktown,"9 Orwell Street, Blacktown, NSW 2148",2148,https://www.realestate.com.au/sold/property-house-nsw-blacktown-146017300,1300000.0,2025-01-21,1300000.0,2021-10-30,House,3,2,3.0,0.0,1119.0,206.0,1970.0,No,2,0.0,Opportunity Knocks in South Blacktown - Large 1119sqm Block!,Harcourts Unlimited - Blacktown,,,,2025,1,55.0,3.2279260780287475,0.0,1161.751563896336,9,60,0
BT037,Blacktown,"47 Kurrajong Crescent, Blacktown, NSW 2148",2148,https://www.realestate.com.au/sold/property-house-nsw-blacktown-146617632,1290000.0,2025-01-07,715000.0,2017-12-20,House,6,4,4.0,0.0,568.0,310.0,1960.0,No,2,0.0,contact agent,Ray White Blacktown City,,,,2025,1,65.0,7.049965776865161,80.41958041958041,2271.1267605633802,2,13,0
BT038,Blacktown,"94 Fairwater Boulevard, Blacktown, NSW 2148",2148,https://www.realestate.com.au/sold/property-house-nsw-blacktown-146456972,845000.0,2024-12-16,805000.0,,House,2,1,2.0,0.0,161.0,88.0,2018.0,No,2,0.0,SOLD BY HASH SOULTANI,SOLD BY HASH SOULTANI,,,,2024,12,6.0,,4.968944099378882,5248.447204968944,4,21,0
BT039,Blacktown,"14/39 Newhaven Avenue, Blacktown, NSW 2148",2148,https://www.realestate.com.au/sold/property-villa-nsw-blacktown-146541728,900000.0,2024-11-29,865000.0,2023-09-25,Villa,4,2,1.0,0.0,380.0,154.0,2013.0,No,2,0.0,BEST VILLA IN BLACKTOWN,McConnell Bourn- Hills District,,,,2024,11,11.0,1.1800136892539357,4.046242774566474,2368.4210526315787,4,23,0
BT040,Blacktown,"16 Meroo Street, Blacktown, NSW 2148",2148,https://www.realestate.com.au/sold/property-house-nsw-blacktown-146121532,1800000.0,2024-10-21,730000.0,2010-03-27,House,5,2,4.0,0.0,973.0,289.0,1995.0,No,2,1.0,Beautiful Family Home!,Raine & Horne Soultani Group - BLACKTOWN,,,,2024,10,29.0,14.570841889117043,146.57534246575344,1849.9486125385406,3,22,0
BT041,Blacktown,"29 Burke Street, Blacktown, NSW 2148",2148,https://www.realestate.com.au/sold/property-house-nsw-blacktown-145879076,1505000.0,2024-09-21,845500.0,,House,5,3,4.0,0.0,601.0,285.0,1960.0,No,2,1.0,YOUR PROPERTY IS WORTH MORE WITH VIKAS SALUJA!,First National Real Estate Neptune,,,,2024,9,64.0,,78.00118273211118,2504.159733777038,8,46,0
BT042,Blacktown,"76/177 Reservoir Road, Blacktown, NSW 2148",2148,https://www.realestate.com.au/sold/property-townhouse-nsw-blacktown-145753636,700000.0,2024-08-25,521501.0,2016-11-09,Townhouse,3,1,1.0,1.0,,86.0,1989.0,No,2,0.0,CALL IT YOUR FIRST HOME!!,Akshar Realty - BLACKTOWN,,,,2024,8,35.0,7.79192334017796,34.227930531293325,,5,25,0
BT043,Blacktown,"18 Flyer Glade, Blacktown, NSW 2148",2148,https://www.realestate.com.au/property/18-flyer-gld-blacktown-nsw-2148/,864000.0,2024-08-12,687000.0,2020-10-27,House,2,2,2.0,0.0,153.0,106.0,2020.0,No,2,0.0,The Perfect Retreat in Fairwater,Sweet Realty - WEST RYDE,,,,2024,8,4.0,3.79192334017796,25.76419213973799,5647.058823529412,5,32,0
BT044,Blacktown,"6 Shirley Street, Blacktown, NSW 2148",2148,https://www.realestate.com.au/sold/property-house-nsw-blacktown-145411240,995000.0,2024-07-22,,,House,3,2,2.0,0.0,556.0,160.0,,No,1,0.0,LOCATION LOCATION LOCATION,Raine & Horne Soultani Group - BLACKTOWN,,,,2024,7,21.0,,,1789.568345323741,3,26,0
BT045,Blacktown,"32A Newhaven Avenue, Blacktown, NSW 2148",2148,https://www.realestate.com.au/sold/property-house-nsw-blacktown-145340584,1430000.0,2024-07-16,,,House,5,3,2.0,0.0,389.0,276.0,2024.0,No,2,0.0,one of a kind,Starr Partners - Blacktown,,,,2024,7,0.0,,,3676.0925449871465,4,13,0
