property_id,suburb,address,Postcode,source_url,sale_price,sale_date,prev_sale_price,prev_sale_date,property_type,bedrooms,bathrooms,car_spaces,Pool,land_size_m2,building_size_m2,year_built,auction_type,Storeys,renovated,listing_description,Realtor,flag_notes,,
M001,Mosman,"5 Botanic Road, Mosman, NSW 2088",2088,https://www.realestate.com.au/sold/property-house-nsw-mosman-150195184,"$8,700,000 ",22-Jul-26,"$7,000,000 ",12-Apr-18,House,4,3,2,Yes,437,175,2005,No,3,No,"A Beach House of Rare Style, Space and Luxury",Simeon Partners - Mosman.,NaN,,
M002,Mosman,"105 Holt Avenue, Mosman, NSW 2088",2088,https://www.realestate.com.au/sold/property-house-nsw-mosman-151124468,"$3,550,000 ",5-Jun-26,NaN,NaN,House,4,3,1,No,445,174.5,1920,No,2,No,Enchanting Character Family Terrace,Pello - Lower North Shore,NaN,,
M003,Mosman,"96 Glover Street, Mosman, NSW 2088",2088,https://www.realestate.com.au/sold/property-house-nsw-mosman-150415760,"$3,390,000 ",2-Jun-26,"$3,230,000 ",18-Jan-18,House,4,3,2,No,395,379,NaN,No,2,No,Classic Federation Grandeur Meets Contemporary Sophistication,De Brennan Property - Mosman,NaN,,
M004,Mosman,"8A Bickell Road, Mosman, NSW 2088",2088,https://www.realestate.com.au/sold/property-house-nsw-mosman-150194672,"$5,050,000 ",17-Apr-26,"$3,300,000 ",4-Nov-16,House,5,3,2,No,746,240,1960,No,2,Yes,this exceptional family home has been remarkably transformed from its Bauhaus past into a state-of-the-art haven of design excellence.,De Brennan Property - Mosman,NaN,,
M005,Mosman,"14 Erith Street, Mosman, NSW 2088",2088,https://www.realestate.com.au/sold/property-house-nsw-mosman-150578600,"$5,300,000 ",11-Apr-26,NaN,NaN,House,4,3,1,Yes,613,162,1910,No,2,Yes,Magnificent c1910 Family Home of Deluxe Craftsmanship,Pello - Lower North Shore,NaN,,
M006,Mosman,"17 Morella Road, Mosman, NSW 2088",2088,https://www.realestate.com.au/sold/property-house-nsw-mosman-149267976,"$23,000,000 ",31-Mar-26,"$14,000,000 ",24-Nov-16,House,4,3,2,No,961,421,NaN,No,2,No,Architectural statement of luxury with sublime harbour views,Atlas | Lower North Shore - NEUTRAL BAY,NaN,,
M007,Mosman,"29 Pearl Bay Avenue, Mosman, NSW 2088",2088,https://www.realestate.com.au/sold/property-house-nsw-mosman-149519784,"$7,198,000 ",20-Mar-26,"$5,250,000 ",22-Dec-09,House,4,3,3,Yes,658,208,NaN,No,3,No,"Art Deco Masterpiece, Idyllic Waterfront Reserve, Seclusion & Harmony",Simeon Partners - Mosman,NaN,,
M008,Mosman,"53 Clanalpine Street, Mosman, NSW 2088",2088,https://www.realestate.com.au/sold/property-house-nsw-mosman-150128256,"$7,700,000 ",6-Mar-26,"$3,700,000 ",22-May-23,House,5,5,4,Yes,511,300,2025,No,2,Yes,Sophisticated newly built family home with thoughtful design and bespoke finishes.,Atlas | Lower North Shore - NEUTRAL BAY,NaN,,
M009,Mosman,"1 Bray Street, Mosman, NSW 2088",2088,https://www.realestate.com.au/sold/property-house-nsw-mosman-150278904,"$3,750,000 ",27-Feb-26,"$2,305,000 ",14-Apr-18,House,3,2,1,No,296,171,1915,No,2,Yes,"Charming Freestanding Home, Whisper Quiet Location",Murphy Residential,NaN,,
M010,Mosman,"46 Spencer Road, Mosman, NSW 2088",2088,https://www.realestate.com.au/sold/property-house-nsw-mosman-150094808,"$3,990,000 ",16-Feb-26,"$3,100,000 ",29-Aug-19,House,4,2,0,No,233,165,1910,No,2,Yes,Beautiful Federation semi transformed into haven of contemporary luxury,DiJones - Mosman,NaN,,
M011,Mosman,"6 Lavoni Street, Mosman, NSW 2088",2088,https://www.realestate.com.au/sold/property-house-nsw-mosman-149800272,"$11,550,000 ",5-Dec-25,"$5,900,000 ",5-Nov-16,House,7,4,3,Yes,715,296,1930,No,2,No,"Graceful private family entertainer in blue ribbon street — full brick c1930s home with signature curved P&O façade, salt water pool, guest house, north-facing terrace",Atlas | Lower North Shore - NEUTRAL BAY,NaN,,
M012,Mosman,"26 Vista Street, Mosman, NSW 2088",2088,https://www.realestate.com.au/sold/property-house-nsw-mosman-149563044,"$4,320,000 ",5-Dec-25,NaN,NaN,House,4,2,1,No,321,204,NaN,No,2,No,"Charming freestanding home in Mosman Village, period features (ornate ceilings, original fireplaces, plantation shutters), multiple living zones",Murphy Residential,NaN,,
M013,Mosman,"56 Spencer Road, Mosman, NSW 2088",2088,https://www.realestate.com.au/property/56-spencer-rd-mosman-nsw-2088/,"$3,850,000 ",22-Nov-25,"$1,460,000 ",18-Nov-14,House,4,3,0,No,249,226,1910,No,2,Yes,"Stunning designer renovation of a Federation home, integrated island kitchen, parents retreat with city skyline views",Murphy Residential,NaN,,
M014,Mosman,"7 Cross Street, Mosman, NSW 2088",2088,https://www.realestate.com.au/sold/property-house-nsw-mosman-148931724,"$10,100,000 ",14-Nov-25,"$9,139,000 ",17-Nov-22,House,6,3,2,Yes,695.6,301,1930,No,2,Yes,Parkside home reveals breathtaking 1930s luxury paired with flawless contemporary design,Atlas | Lower North Shore - NEUTRAL BAY,NaN,,
M015,Mosman,"110 Awaba Street, Mosman, NSW 2088",2088,https://www.realestate.com.au/sold/property-house-nsw-mosman-149215620,"$5,230,000 ",30-Oct-25,NaN,NaN,House,5,4,1,Pool potential,479,194,NaN,No,2,No,Unlock the True Potential of This Mosman Classic - On the Market for the First Time in Nearly 40 Years,Ray White Lower North Shore Group,NaN,,
M016,Mosman,"40 Stanley Avenue, Mosman, NSW 2088",2088,https://www.realestate.com.au/sold/property-house-nsw-mosman-148993156,"$20,000,000 ",9-Oct-25,NaN,NaN,House,5,5,2,Yes,920,399,NaN,No,2,No,Federation Grandeur with Breathtaking Sydney Heads Views,Simeon Partners - Mosman,NaN,,
M017,Mosman,"4/13 McLeod Street, Mosman, NSW 2088",2088,https://www.realestate.com.au/sold/property-townhouse-nsw-mosman-148962428,"$2,220,000 ",2-Oct-25,NaN,NaN,Townhouse,4,1,2,No,764,NaN,1970,No,4,No,Terrace style living above Mosman Bay - views & convenience,Ray White Lower North Shore Group,NaN,,
M018,Mosman,"35 Lang Street, Mosman, NSW 2088",2088,https://www.realestate.com.au/sold/property-house-nsw-mosman-148958340,"$5,250,000 ",27-Sep-25,"$410,000 ",8-Jan-93,House,5,3,1,No,468,300,1905,No,2,No,Timeless Californian Bungalow Brimming with Character and Style,Belle Property Lower North Shore Group,NaN,,
M019,Mosman,"34 Harbour Street, Mosman, NSW 2088",2088,https://www.realestate.com.au/sold/property-house-nsw-mosman-148740848,"$3,400,000 ",20-Sep-25,"$3,400,000 ",24-Aug-22,House,4,1,1,No,261,128,1885,No,2,Yes,Exquisitely renovated Federation beauty,Pello - Lower North Shore,NaN,,
M020,Mosman,"14 Effingham Street, Mosman, NSW 2088",2088,https://www.realestate.com.au/sold/property-house-nsw-mosman-144905184,"$7,500,000 ",20-Aug-25,"$750,000 ", 17 June 1993,House,4,3,2,Pool potential,678,376,1900,No,2,No,"Flawless Federation, Dress Circle Location",Murphy Residential,NaN,,
M021,Mosman,"4 Oswald Street, Mosman, NSW 2088",2088,https://www.realestate.com.au/sold/property-house-nsw-mosman-148603724,"$5,000,000 ",15-Aug-25,NaN,NaN,House,4,2,2,Yes,607,269,1970,Yes,2,No,Storybook family entertainer on 607sqm in sought-after pocket,BresicWhitney - Lower North Shore,NaN,,
M022,Mosman,"26 Euryalus Street, Mosman, NSW 2088",2088,https://www.realestate.com.au/sold/property-house-nsw-mosman-147689860,"$7,300,000 ",15-Jul-25,"$8,000,000 ",21-Jul-17,House,5,4,2,Yes,470,385,1950,No,2,No,"masterpiece of contemporary elegance, offering sweeping views across Middle Harbour",Ray White - Everest Group,NaN,,
M023,Mosman,"24 Gordon Street, Mosman, NSW 2088",2088,https://www.realestate.com.au/sold/property-house-nsw-mosman-148357324,"$4,600,000 ",11-Jul-25,"$2,500,000 ",9-Jun-16,House,3,2,2,No,245,120,1990,No,2,No,Balmoral slopes home bathed in northern sunlight,The Agency - North,NaN,,
M024,Mosman,"67 Raglan Street, Mosman, NSW 2088",2088,https://www.realestate.com.au/sold/property-house-nsw-mosman-148085992,"$9,650,000 ",6-Jun-25,NaN,NaN,House,5,3,2,Yes,904,373,1896,No,2,Yes,Cleveland' - Flawless 1896 residence exudes quintessential Mosman grandeur,Atlas | Lower North Shore - NEUTRAL BAY.,NaN,,
M025,Mosman,"18 Pindari Avenue, Mosman, NSW 2088",2088,https://www.realestate.com.au/sold/property-house-nsw-mosman-147967404,"$7,100,000 ",5-Jun-25,"$1,750,000 ",2-Feb-06,House,6,3,4,Yes,711,350,2017,No,2,No,"A contemporary family home for all seasons, architecturally designed and alive with natural light",Ray White Lower North Shore Group,NaN,,
M026,Mosman,"4 Buena Vista Avenue, Mosman, NSW 2088",2088,https://www.realestate.com.au/sold/property-house-nsw-mosman-147179212,"$19,500,000 ",26-May-25,"$2,400,000 ",18-May-96,House,6,3,2,Yes,1930,380,1897,No,2,No,Landmark Queen Anne Federation home of enduring grandeur,Atlas | Lower North Shore - NEUTRAL BAY. ,NaN,,
M027,Mosman,"3/12 Earl Street, Mosman, NSW 2088",2088,https://www.realestate.com.au/sold/property-townhouse-nsw-mosman-148289668,"$2,380,000 ",23-May-25,"$2,380,000 ",23-May-25,Townhouse,3,2,2,No,289,189,1984,No,2,No,Move-in ready townhouse with ample scope to update,McGrath Lower North Shore,"was sold in 2026 again 
Sold
$2,900,000
Sold 21 March 2026 by O'Gorman & Partners Real Estate Co - Mosman",,
M028,Mosman,"99 Muston Street, Mosman, NSW 2088",2088,https://www.realestate.com.au/sold/property-house-nsw-mosman-145028944,"$14,600,000 ",6-Apr-25,"
$6,490,000",13-Nov-15,House,5,4,4,Yes,683,304,2006,No,2,Yes,A complete custom redesign pinnacle of Mosman's luxury market.,Atlas | Lower North Shore - NEUTRAL BAY,NaN,,
M029,Mosman,"14 Amaroo Crescent, Mosman, NSW 2088",2088,https://www.realestate.com.au/sold/property-house-nsw-mosman-147081180,"$8,950,000 ",2-Apr-25,"$6,300,000 ",14-Jun-19,House,4,3,4,Yes,500,334,2010,No,4,No,A Statement in Contemporary Luxury. An Exceptional Residence with Balmoral Beach Access at your door.,Aurora Property Lower North Shore. ,NaN,,
M030,Mosman,"3/1B Badham Avenue, Mosman, NSW 2088",2088,https://www.realestate.com.au/sold/property-townhouse-nsw-mosman-147245400,"$1,735,000 ",7-Mar-25,"$1,750,000 ",30-Nov-22,Townhouse,2,1,1,No,879,135,1920,No,4,No,Exclusive Harbourside Living in Charming Townhouse,Atlas | Lower North Shore - NEUTRAL BAY.,"Sold $1,750,000 Sold 30 November 2022 by Ray White Lower North Shore Group",,
M031,Mosman,"7 David Street, Mosman, NSW 2088",2088,https://www.realestate.com.au/sold/property-house-nsw-mosman-147176100,"$9,600,000 ",5-Mar-25,"
$112,500",31-Oct-94,House,4,4,2,No,1079,252,NaN,No,2,No,Character home on a lavish block with glorious water views,Atlas | Lower North Shore - NEUTRAL BAY,NaN,,
M032,Mosman,"1/7 Lang Street, Mosman, NSW 2088",2088,https://www.realestate.com.au/sold/property-townhouse-nsw-mosman-147169292,"$2,975,000 ",26-Feb-25,"$3,100,000 ",17 Jun 2021 ,Townhouse,4,2,2,No,634,278,1920,Yes,1,No,Elegant garden residence in boutique setting,BresicWhitney - Lower North Shore,NaN,,
M033,Mosman,"2 James Street, Mosman, NSW 2088",2088,https://www.realestate.com.au/sold/property-house-nsw-mosman-141554172,"$12,200,000 ",21-Feb-25,NaN,NaN,House,6,2,2,No,2795,173,1970,No,2,No,"One of Mosman's Largest Estates Gracing an Incredible 2,795 sqm - Held in the family for over 100 Years",Raine & Horne - Mosman,NaN,,
M034,Mosman,"1/12 Earl Street, Mosman, NSW 2088",2088,https://www.realestate.com.au/sold/property-townhouse-nsw-mosman-146927276,"$2,600,000 ",1-Feb-25,NaN,NaN,Townhouse,3,2,2,No,289,125,1984,No,2,No,A magnificent light-filled townhouse,McGrath Lower North Shore,NaN,,
M035,Mosman,"106 Avenue Road, Mosman, NSW 2088",2088,https://www.realestate.com.au/sold/property-house-nsw-mosman-146931280,"$3,550,000 ",17-Jan-25,"$1,100,000 ",28-Apr-09,House,3,1,NaN,No,280,254,1915,No,2,No,"Prime Mosman Village Location, North facing backyard & Front-to-Rear lane Access!",Raine & Horne - Mosman,NaN,,
M036,Mosman,"6 Delecta Avenue, Mosman, NSW 2088",2088,https://www.realestate.com.au/sold/property-house-nsw-mosman-146365852,"$8,732,500 ",11-Dec-24,"$3,310,000 ","
4 Jul 2009",House,5,4,2,Yes,638,336,1985,No,3,Yes,"Mesmerising harbour views, perfect northerly aspect and architectural innovation",Ray White Lower North Shore Group,NaN,,
M037,Mosman,"1/34 Muston Street, Mosman, NSW 2088",2088,https://www.realestate.com.au/sold/property-townhouse-nsw-mosman-146625028,"$2,820,000 ",7-Dec-24,"$1,315,000 ",15-May-10,Townhouse,3,2,2,No,610,145,1979,No,4,No, Renovate and Capitalise - Create your Dream Home!,Raine & Horne - Mosman,NaN,,
M038,Mosman,"3/83-87 Cabramatta Road, Mosman, NSW 2088",2088,https://www.realestate.com.au/sold/property-townhouse-nsw-mosman-146715584,"$2,600,000 ",26-Nov-24,NaN,NaN,Townhouse,3,2,2,Yes,2165,112,1987,No,2,No,"Offering low-maintenance living with high-quality finishes, this dual-level townhouse is an ideal contemporary retreat. The home is situated within a boutique collection of twelve townhouses, nestled around a resort-style swimming pool.", Raine & Horne Lower North Shore.,$1545 per week Leased 20 February 2024 by Latham Cusack Property Services - Neutral Bay,,
M039,Mosman,"26 Morella Road, Mosman, NSW 2088",2088,https://www.realestate.com.au/sold/property-house-nsw-mosman-146506156,"$19,500,000 ",21-Nov-24,"$15,250,000 ",28-May-21,House,6,4,4,Yes,1672,456,1937,No,2,Yes,Landmark estate set on 1672 sqm with spectacular Main Harbour Views,Ray White Lower North Shore Group,7 0 2023 Leased $1490 per week Leased 7 February 2023 by Latham Cusack Property Services - Neutral Bay,,
M040,Mosman,"20 Carrington Avenue, Mosman, NSW 2088",2088,https://www.realestate.com.au/sold/property-house-nsw-mosman-146151728,"$5,800,000 ",26-Oct-24,"$3,760,000 ",26-Oct-19,House,4,3,2,Yes,582,224,1970,Yes,3,No,North-facing oasis with water views in Mosman's premier cul-de-sac, BresicWhitney - Lower North Shore,NaN,,
M041,Mosman,"8/800 Military Road, Mosman, NSW 2088",2088,https://www.realestate.com.au/sold/property-townhouse-nsw-mosman-145253688,"$2,600,000 ",1-Oct-24,"$1,310,000 ",12-May-14,Townhouse,3,2,2,No,1667,135,1981,No,2,Yes,"Prime Location, Ultimate Convenience and Luxurious Lifestyle",Raine & Horne - Mosman.,NaN,,
M042,Mosman,"27 Muston Street, Mosman, NSW 2088",2088,https://www.realestate.com.au/sold/property-house-nsw-mosman-146132232,"$6,800,000 ", 22-Sep-2024,NaN,NaN,House,4,1,1,No,503,254,1910,No,2,No,Cherished Family Home in Prime Mosman Village Location,Raine & Horne - Mosman,NaN,,
M043,Mosman,"46 Parriwi Road, Mosman, NSW 2088",2088,https://www.realestate.com.au/sold/property-house-nsw-mosman-145808068,"$14,250,000 ",2-Sep-24,NaN,NaN,House,6,4,3,Yes,2006,506,1988,No,2,No,One-of-a kind Federation beauty of distinctive grandeur,Atlas | Lower North Shore - NEUTRAL BAY,NaN,,
M044,Mosman,"8 Simpson Street, Mosman, NSW 2088",2088,https://www.realestate.com.au/sold/property-house-nsw-mosman-145542060,"$5,475,000 ",10-Aug-24,NaN,NaN,House,3,1,1,No,471,134,1920,No,1,No,Character Home - Unlock the Potential,O'Gorman & Partners Real Estate Co - Mosman,NaN,,
M045,Mosman,"99 Shadforth Street, Mosman, NSW 2088",2088,https://www.realestate.com.au/sold/property-house-nsw-mosman-145264172,"$3,100,000 ",1-Jul-24,"$1,650,000 ",22 Jun 2015 ,House,3,1,NaN,No,264,116,1910,Yes,1,No,Updated character in a sought-after village address,BresicWhitney - Lower North Shore,NaN,,
property_id,suburb,address,Postcode,source_url,sale_price,sale_date,prev_sale_price,prev_sale_date,property_type,bedrooms,bathrooms,car_spaces,Pool,land_size_m2,building_size_m2,year_built,auction_type,Storeys,renovated,listing_description,flag_notes,Realtor,,
EP001,Epping,"4/22-24 Boronia Avenue, Epping, NSW 2121",2121,https://www.realestate.com.au/sold/property-villa-nsw-epping-151726000,"1,685,000",29-Jul-26,"$285,000 ", 8 May 1992,Villa,3,2,2,No,2110,279,1992,No,1,No,Low-Maintenance Living in a Prime Epping Locale,"Property Value section shows land size as 2,110m2 which reflects the whole complex, not the individual villa lot (left blank); built 1992 per Property Value history",The Agency - Epping,,
EP002,Epping,"9 McKechnie Street, Epping, NSW 2121",2121,https://www.realestate.com.au/sold/property-house-nsw-epping-151840916,"2,300,000",22-Jul-26,NaN,NaN,House,4,2,1,No,740,209,NaN,No,1,No,Spacious home in need of renovation,,McGrath Epping,,
EP003,Epping,"81 Chesterfield Road, Epping, NSW 2121",2121,https://www.realestate.com.au/sold/property-house-nsw-epping-151201008,"2,968,000",2-Jul-26,"2,625,000",27-Jun-23,House,4,2,1,Yes,860,239,1950,No,1,No,Charming Family Home in a Premium Epping Pocket,"Land size (860m2) sourced from Property Value section, not stated in listing itself; prior sale in 2023 for $2,625,000 per Property Value history",Tracy Yap Realty - Epping,,
EP004,Epping,"2/30 Third Avenue, Epping, NSW 2121",2121,https://www.realestate.com.au/sold/property-villa-nsw-epping-150975720,"1,530,000",22-Jun-26,"$525,000 ",10-Jul-04,Villa,3,2,2,No,239,200,2001,No,1,No,SOLD BY MYPROPERTY SYDNEY - PETER HOROZAKIS,,MyProperty Sydney,,
EP005,Epping,"7/28 Kent Street, Epping, NSW 2121",2121,https://www.realestate.com.au/sold/property-townhouse-nsw-epping-151301240,"1,700,000",17-Jun-26,"$1,339,000 ",31-Jul-19,Townhouse,3,2,2,No,"3,617",243,2000,No,2,No,Exclusive Living in a Highly Desirable Setting,"Property Value section shows land size as 3,617m2 (same complex as 4/28-34 Kent Street) - reflects whole complex, not individual lot (left blank); building size differs slightly between listing (233m2 'Total Size') and Property Value (243m2 floor area)",McGrath Epping,,
EP006,Epping,"3/115 Carlingford Road, Epping, NSW 2121",2121,https://www.realestate.com.au/sold/property-townhouse-nsw-epping-151062404,"1,517,888",27-May-26,"$1,210,000 ",30-Jan-17,Townhouse,3,2,1,No,313,131,2010,No,2,No,Spacious Townhouse | Top School Catchment | Walk to Everything,Property Value section shows sold date as 20 May 2026 (differs from listing's 27 May 2026); land size (313m2) sourced from Property Value section only,Stone Real Estate - Beecroft / Castle Hill / Epping,,
EP007,Epping,"2/14 Cliff Road, Epping, NSW 2121",2121,https://www.realestate.com.au/sold/property-house-nsw-epping-150938052,"1,750,000",16-May-26,"$540,000 ",6-Aug-03,House,3,2,2,No,966,413,1940,No,1,Yes,Effortless Family Living in a Prime Epping Pocket,Property Value section shows land size as 966m2 (whole complex/lot); listing's own key details state 497m2 for the individual lot,McGrath Epping,,
EP008,Epping,"190 Ray Road, Epping, NSW 2121",2121,https://www.realestate.com.au/sold/property-house-nsw-epping-150691484,"2,100,000",10-Apr-26,NaN,NaN,House,4,1,1,No,696,229,NaN,No,2,No,Ideal Building Block with 21m frontage - North to Rear,,Ray White Horizon Group - North,,
EP009,Epping,"23/38 Stanley Road, Epping, NSW 2121",2121,https://www.realestate.com.au/sold/property-townhouse-nsw-epping-150489840,"1,520,000",31-Mar-26,"$363,000 ",25-May-01,Townhouse,3,2,2,No,"11,341",213,NaN,No,2,Yes,Duplex-Style Townhouse with Ultimate Privacy,"Property Value section shows land size as 11,341m2 which reflects the whole complex, not the individual lot (left blank)",Ray White - Epping,,
EP010,Epping,"2/8-10 Angus Avenue, Epping, NSW 2121",2121,https://www.realestate.com.au/sold/property-villa-nsw-epping-150450244,"1,915,000",27-Feb-26,"$1,280,000 ",14-Nov-15,Villa,3,2,2,No,3002,238,NaN,No,2,No,EXCLUSIVE OFF MARKET OPPORTUNITY,"Property Value section shows land size as 3,002m2 which reflects the whole complex, not the individual villa lot (left blank)",The Agency - Epping,,
EP011,Epping,"77 Chester Street, Epping, NSW 2121",2121,https://www.realestate.com.au/sold/property-house-nsw-epping-150133412,"3,305,000",25-Feb-26,"$2,820,000 ",27-Aug-22,House,5,2,2,No,993,275,NaN,No,1,No,Timeless Family Home on 992.7sqm in Blue-Ribbon Epping,"Prior sale in 2022 for $2,820,000 per Property Value history",Ray White - Epping,,
EP012,Epping,"29 Somerset Street, Epping, NSW 2121",2121,https://www.realestate.com.au/sold/property-house-nsw-epping-149125348,"1,925,000",5-Feb-26,NaN,NaN,House,3,2,3,No,817,284,NaN,No,2,No,Rare Opportunity on 817sqm with 25m Frontage,,Ray White Horizon Group - North,,
EP013,Epping,"8A Lomax Street, Epping, NSW 2121",2121,https://www.realestate.com.au/sold/property-duplex+semi-detached-nsw-epping-149494544,"2,328,888",21-Jan-26,"$1,500,000 ",13-Jun-19,Duplex/semi-detached,5,4,2,No,439,231,2019,No,2,No,"Spacious and whisper-quiet, moments from the heart of Epping and Carlingford",Property Value section shows sold date as 14 Jan 2026 (differs from listing's 21 Jan 2026),Uniland Real Estate | Epping - Castle Hill,,
EP014,Epping,"6/110 Midson Road, Epping, NSW 2121",2121,https://www.realestate.com.au/sold/property-villa-nsw-epping-149920620,"1,716,000",17-Jan-26,"$1,155,000 ",23-Oct-18,Villa,3,1,2,No,302,NaN,NaN,Super Saturday auction,1,No,Enticing full brick family villa of outstanding space and privacy,,McGrath Epping,,
EP015,Epping,"2C Treeview Place, Epping, NSW 2121",2121,https://www.realestate.com.au/sold/property-house-nsw-epping-149231748,"3,388,000",15-Jan-26,"$3,388,000 ",31-Dec-25,House,5,3,3,No,500.3,190,NaN,No,4,No,"Designed for exceptional entertaining, crafted for flawless living","Property Value section shows sold date as 31 Dec 2025 (differs from listing's 15 Jan 2026); leased for $1,900/week in Mar 2026 after sale",Uniland Real Estate | Epping - Castle Hill,,
EP016,Epping,"43 Hillcrest Avenue, Epping, NSW 2121",2121,https://www.realestate.com.au/sold/property-house-nsw-epping-149643892,"3,338,888",16-Dec-25,"$2,120,000 ",13-Dec-14,House,5,3,2,Yes,878,299,NaN,No,2,No,An Elegant Creation Perfectly Positioned for Convenience,,Uniland Real Estate | Epping - Castle Hill,,
EP017,Epping,"22/40-42 Stanley Road, Epping, NSW 2121",2121,https://www.realestate.com.au/sold/property-townhouse-nsw-epping-149402300,"1,850,000",10-Dec-25,"$505,000 ",13-Jul-02,Townhouse,4,2,2,No,"10,294",267,NaN,No,2,No,Bright East-Facing Duplex-Style Townhouse With Rare Privacy,"Property Value section shows sold date as 5 Dec 2025 (differs from listing's 10 Dec 2025); land size of 10,294m2 reflects whole complex, not individual lot (left blank)",Ray White - Epping,,
EP018,Epping,"3/2A Hillside Crescent, Epping, NSW 2121",2121,https://www.realestate.com.au/sold/property-townhouse-nsw-epping-149562772,"1,748,000",30-Nov-25,"$1,070,000 ",10-Oct-15,Townhouse,4,2,2,No,266,144,NaN,No,2,Yes,New Renovated Townhouse in a Coveted Epping Enclave,,Uniland Real Estate | Epping - Castle Hill,,
EP019,Epping,"146A Pennant Parade, Epping, NSW 2121",2121,https://www.realestate.com.au/sold/property-house-nsw-epping-149207520,"2,830,000",23-Oct-25,NaN,NaN,House,5,5,2,Yes,464,461,NaN,No,2,No,Sold - David Pisano,Property Value section shows land size as 461m2 (listing states 464m2) - minor rounding discrepancy,McGrath - Strathfield,,
EP020,Epping,"4/28-34 Kent Street, Epping, NSW 2121",2121,https://www.realestate.com.au/sold/property-townhouse-nsw-epping-149057844,"1,875,000",11-Oct-25,"$485,000 ",22-Jan-01,Townhouse,3,2,2,No,"3,617",248,NaN,No,4,No,Oversized Modern Townhouse in Leafy Yet Central Parkside Pocket,"Land size (248m2) taken from listing's own Key Details; Property Value section shows 3,617m2 which reflects the whole complex, not the individual lot",McGrath Epping,,
EP021,Epping,"3 Kent Street, Epping, NSW 2121",2121,https://www.realestate.com.au/sold/property-house-nsw-epping-148946340,"3,245,000",27-Sep-25,NaN,NaN,House,4,2,3,No,860,317,1921,No,2,No,"Double Brick c1921, character bungalow with 20.12m approx frontage",,Stone Real Estate - Beecroft / Castle Hill / Epping,,
EP022,Epping,"17 York Street, Epping, NSW 2121",2121,https://www.realestate.com.au/sold/property-house-nsw-epping-149086968,"3,005,800",15-Sep-25,"$1,465,000 ",22-Nov-14,House,5,3,2,Yes,809,245,1950,No,1,No,Prestigious 6-Bedroom Family Haven on Spacious Level Block in Epping,Listing title says '6-Bedroom' but header icon and Property Value section both show 5 bedrooms; Property Value section attributes the sale to 'McConnell Bourn' whereas the listing displays 'Raine & Horne Carlingford/Epping' as the agency,Raine & Horne Carlingford/Epping,,
EP023,Epping,"1A Hillcrest Avenue, Epping, NSW 2121",2121,https://www.realestate.com.au/sold/property-house-nsw-epping-148840448,"2,588,000",12-Sep-25,NaN,NaN,House,5,2,2,No,1104,242,NaN,No,2,No,"Privacy on 1104sqm - in Epping West, Cheltenham Girls, Epping Boys zones",,Stone Real Estate - Beecroft / Castle Hill / Epping,,
EP024,Epping,"1/34 Kandy Avenue, Epping, NSW 2121",2121,https://www.realestate.com.au/sold/property-townhouse-nsw-epping-148628132,"1,610,000",30-Aug-25,"$605,000 ",9-Oct-07,Townhouse,3,2,1,No,232,232,NaN,No,2,No,Hidden Gem - Sunlit Townhouse Close to Everything,,McGrath Epping,,
EP025,Epping,"5/16 Hillside Crescent, Epping, NSW 2121",2121,https://www.realestate.com.au/sold/property-villa-nsw-epping-148877240,"1,550,000",22-Aug-25,"$800,000 ",1-Mar-13,Villa,3,2,2,No,3035,289,NaN,No,2,No,Spacious villa in tranquil surrounds overlooking reserve,"Land size (3,035m2) reflects the whole complex, not the individual villa lot; building size 289m2 is the individual unit",McGrath Epping,,
EP026,Epping,"1/2A Hillside Crescent, Epping, NSW 2121",2121,https://www.realestate.com.au/sold/property-villa-nsw-epping-148581932,"1,655,000",16-Aug-25,"$611,100 ",15-Dec-04,Villa,3,2,2,No,263,228,NaN,No,2,No,Effortless Living in a Prime Walk-to-Rail Location,,Ray White Horizon Group - North,,
EP027,Epping,"1A Hermington Street, Epping, NSW 2121",2121,https://www.realestate.com.au/sold/property-house-nsw-epping-147746600,"2,903,888",29-Jul-25,"$872,000 ",15-Mar-08,House,4,2,2,No,400,168,2005,No,2,No,Immaculate Sunlit Family Home in Superb Locale,"Land size (400m2) and year built (2005) sourced from Property Value section, not stated in listing itself",Uniland Real Estate | Epping - Castle Hill,,
EP028,Epping,"22 Kent Street, Epping, NSW 2121",2121,https://www.realestate.com.au/sold/property-house-nsw-epping-148375432,"3,318,888",11-Jul-25,"
$1,855,000",10-Feb-15,House,4,2,2,Yes,765.1,281,1920,No,2,No,Enduring elegance meets modern family living in a prestigious address,,Uniland Real Estate | Epping - Castle Hill,,
EP029,Epping,"18 Magnolia Avenue, Epping, NSW 2121",2121,https://www.realestate.com.au/sold/property-house-nsw-epping-148220684,"3,912,000",29-Jun-25,"
$1,210,000",20-Feb-14,House,5,3,2,No,834.7,305,2016,No,2,Yes,Elegant. Expansive. Exclusive. Your Dream Home Awaits,,Uniland Real Estate | Epping - Castle Hill,,
EP030,Epping,"16 Grandview Parade, Epping, NSW 2121",2121,https://www.realestate.com.au/sold/property-house-nsw-epping-148139680,"4,000,000",25-Jun-25,"$875,000 ",27-Mar-02,House,5,2,4,Yes,1201,394,NaN,No,2,No,Grand full-brick home on sprawling 1201sqm block,,The Agency - Epping,,
EP031,Epping,"15 Rockleigh Way, Epping, NSW 2121",2121,https://www.realestate.com.au/sold/property-house-nsw-epping-147916244,"2,266,000",29-May-25,"$830,000 ",2-Mar-12,House,3,2,2,No,257.6,125,NaN,Yes,1,Yes,SOLD for Complex Record Price,,Uniland Real Estate | Epping - Castle Hill,,
EP032,Epping,"54 Epping Avenue, Epping, NSW 2121",2121,https://www.realestate.com.au/sold/property-house-nsw-epping-145762164,"3,030,000",8-May-25,"$1,788,000 ",22-Mar-17,House,6,5,3,No,824,185,NaN,No,2,No,"STYLE, QUALITY & FUNCTIONALITY",Building size (450m2) sourced from listing description body text,Homeville - NORTH ROCKS,,
EP033,Epping,"5/52-54 Third Avenue, Epping, NSW 2121",2121,https://www.realestate.com.au/sold/property-villa-nsw-epping-147734836,"1,430,000",7-May-25,"$538,000 ",14-Jul-09,Villa,3,2,1,No,3088,220,NaN,No,1,No,Spacious Full-Brick Villa in Prime Location,"Land size (3,088m2) reflects the whole complex, not the individual villa lot; building size 220m2 is the individual unit",Ray White - Epping,,
EP034,Epping,"12B Kandy Avenue, Epping, NSW 2121",2121,https://www.realestate.com.au/sold/property-house-nsw-epping-147430980,"2,670,000",29-Mar-25,NaN,NaN,House,3,4,4,No,951.8,260,2005,No,4,No,Luxurious master-crafted home with short walk to Epping Metro,"Property Value section shows conflicting 6 bed/5 bath (vs listing's 3/4); floor area 260m2, built 2005 and storeys 4 sourced from Property Value section only",Belle Property Ryde - RYDE,,
EP035,Epping,"13 Chesterfield Road, Epping, NSW 2121",2121,https://www.realestate.com.au/sold/property-house-nsw-epping-146558984,"3,180,000",24-Jan-25,"$2,867,000 ",6-Nov-21,House,4,2,1,No,1005,240,NaN,No,1,No,"Chesterfield Charmer on Expansive 1,005sqm (approx.) Corner Block","Property Value section shows sold date as 17 Jan 2025 (differs from listing's 24 Jan 2025); prior sale in 2021 for $2,867,000",Uniland Real Estate | Epping - Castle Hill,,
EP036,Epping,"10 Leicester Street, Epping, NSW 2121",2121,https://www.realestate.com.au/sold/property-house-nsw-epping-146447036,"3,216,000",26-Nov-24,NaN,NaN,House,5,3,4,Yes,765,312,NaN,No,2,No,Spacious Family Oasis with Sparkling Salt Water Inground Pool,,Ray White - Carlingford,,
EP037,Epping,"14 Second Avenue, Epping, NSW 2121",2121,https://www.realestate.com.au/sold/property-house-nsw-epping-146491996,"2,850,000",23-Nov-24,"$760,000 ",4-Sep-03,House,4,3,2,Yes,697,262,1950,No,2,No,Family Entertainer in Cheltenham Girls Catchment and Potential Duplex Site (STCA),"Property Value section shows car spaces as 1 (vs listing's 2, garage+carport)",Stone Real Estate - Beecroft / Castle Hill / Epping,,
EP038,Epping,"2/1 Tarragundi Road, Epping, NSW 2121",2121,https://www.realestate.com.au/sold/property-villa-nsw-epping-146215628,"1,771,888",27-Oct-24,"$850,000 ",28-May-13,Villa,3,2,1,No,279,112,1994,Yes,1,Yes,Sold for New Suburb Record (villa),Land size (279m2) sourced from Property Value section; not stated in listing's own features,Uniland Real Estate | Epping - Castle Hill,,
EP039,Epping,"19 Windermere Road, Epping, NSW 2121",2121,https://www.realestate.com.au/sold/property-house-nsw-epping-146083220,"2,500,000",16-Oct-24,"$1,642,000 ",4-Sep-19,House,4,2,2,No,739,291,NaN,No,1,Yes,A Family Haven with Future Potential,,Tracy Yap Realty - Epping,,
EP040,Epping,"2 Abuklea Road, Epping, NSW 2121",2121,https://www.realestate.com.au/sold/property-house-nsw-epping-145725252,"2,550,000",19-Sep-24,"$266,000 ",10-Jun-93,House,3,1,2,Yes,1060,211,NaN,No,2,No,Character home & development opportunity on 1060m2,,Harris Partners Real Estate - Balmain,,
EP041,Epping,"11 Third Avenue, Epping, NSW 2121",2121,https://www.realestate.com.au/sold/property-house-nsw-epping-145772156,"2,826,000",8-Sep-24,"$443,000 ",13-Jun-02,House,4,2,3,No,562,261,2004,No,2,Yes,Tranquil Sunlit Family Haven in Ultra Convenient Locale,Property Value section shows car spaces as 2 (vs listing's 3),Uniland Real Estate | Epping - Castle Hill,,
EP042,Epping,"10 Hillside Crescent, Epping, NSW 2121",2121,https://www.realestate.com.au/sold/property-house-nsw-epping-145768412,"2,100,000",31-Aug-24,"$1,655,000 ",1-Mar-17,House,2,1,2,No,1182,201,1975,No,2,No,Fantastic home near Epping station and Park,"Property Value section shows conflicting 3 bed/3 bath/6 car (vs listing's 2/1/2); also shows historical sales in 2017 ($1,655,000) and 2002 ($650,000)",McGrath Epping,,
EP043,Epping,"5 McKechnie Street, Epping, NSW 2121",2121,https://www.realestate.com.au/sold/property-house-nsw-epping-145641440,"3,915,000",24-Aug-24,"$2,350,000 ",2-Dec-17,House,7,4,2,No,929,65,2012,No,2,No,Spacious Family Home with Granny Flat in Great Location,"Listing's own Property features separately list Carport spaces:2 + Garage spaces:2 (4 total) vs header icon showing car=2; Property Value section shows an unrelated/mismatched record (2 bed/1 bath/0 car Unit, built 2012, land 930m2, floor 65m2) - inconsistent with the listing's 7-bed house with granny flat description, likely a data error in that section",Stone Real Estate - Beecroft / Castle Hill / Epping,,
EP044,Epping,"3A Melrose Street, Epping, NSW 2121",2121,https://www.realestate.com.au/sold/property-house-nsw-epping-145382256,"4,400,000",27-Jul-24,NaN,NaN,House,5,3,2,No,526,268,,No,2,No,Luxuriously crafted brand new timeless masterpiece,,McGrath Epping,,
EP045,Epping,"4/73A Essex Street, Epping, NSW 2121",2121,https://www.realestate.com.au/sold/property-townhouse-nsw-epping-145592988,"1,690,000",25-Jul-24,"$680,000 ",1-Jul-11,Townhouse,3,2,2,,3860,85,1995,No,2,Yes,Luxury and convenient low maintenance lifestyle,"Land size (3,860m2) shown in Property Value section reflects the whole complex, not the individual townhouse lot (left blank)",McGrath Epping,,
property_id,suburb,address,Postcode,source_url, sale_price ,sale_date,prev_sale_price,prev_sale_date,property_type,bedrooms,bathrooms,car_spaces,Pool,land_size_m2,building_size_m2,year_built,auction_type,Storeys,renovated,listing_description,Realtor,flag_notes,,
BT001,Blacktown,"9 Nicholas Street, Blacktown, NSW 2148",2148,https://www.realestate.com.au/sold/property-house-nsw-blacktown-151025772," $1,200,000.00 ",7/28/2026,NaN,NaN,House,5,2,1,No,550,282,NaN,No,1,No,Spacious Family Home,Starr Partners - Blacktown,NaN,,
BT002,Blacktown,"3 Kingsford Street, Blacktown, NSW 2148",2148,https://www.realestate.com.au/sold/property-house-nsw-blacktown-151059772," $1,050,000.00 ",7/23/2026,NaN,NaN,House,3,2,1,No,768,204,NaN,No,1,No,Versatile Family Home with Detached Teenagers' Retreat & Expansive Backyard,Manor Real Estate,NaN,,
BT003,Blacktown,"1 Wilga Street, Blacktown, NSW 2148",2148,https://www.realestate.com.au/sold/property-house-nsw-blacktown-151470032," $950,000.00 ",6/22/2026,"$215,000 ",6-Oct-00,House,1,1,,No,626,145,NaN,No,1,No,SOLD BY CRAIG ROBINSON,Ray White Castle Hill,NaN,,
BT004,Blacktown,"13 Turner Street, Blacktown, NSW 2148",2148,https://www.realestate.com.au/sold/property-house-nsw-blacktown-150986952," $1,020,000.00 ",6/12/2026,"$801,000 ",29-Aug-21,House,3,1,2,No,562,206,1960,No,1,No,"Sold By Sandy Shi & Mandy Huang ""Maison Bridge Property""",Maison Bridge Property - WEST RYDE,NaN,,
BT005,Blacktown,"4/65 Turner Street, Blacktown, NSW 2148",2148,https://www.realestate.com.au/sold/property-villa-nsw-blacktown-150970708," $800,000.00 ",5/29/2026,"$625,000 ",25-Nov-22,Villa,3,1,2,No,2217,197,2003,No,1,No,Perfect First Home or Investment in a Quiet Complex,Manor Real Estate,NaN,,
BT006,Blacktown,"27 Fullam Road, Blacktown, NSW 2148",2148,https://www.realestate.com.au/sold/property-house-nsw-blacktown-150808324," $1,650,500.00 ",5/3/2026,"$691,000 ",28-Jul-20,House,5,2,4,No,565,253,2022,No,2,No,GRAND FAMILY HOME!, Sky Property,NaN,,
BT007,Blacktown,"18 De Castella Drive, Blacktown, NSW 2148",2148,https://www.realestate.com.au/sold/property-house-nsw-blacktown-150804088," $1,640,000.00 ",4/29/2026,"$135,900 ",16-Apr-99,House,4,3,2,No,573,300,2005,No,2,No,Luxurious Family Living with Expansive Spaces and Modern Comforts,Ausrealty Hills District,NaN,,
BT008,Blacktown,"6/78 Turner Street, Blacktown, NSW 2148",2148,https://www.realestate.com.au/sold/property-villa-nsw-blacktown-150485616," $790,000.00 ",4/11/2026,"$790,000 ",10-Mar-26,Villa,2,1,1,No,169,78,2008,,2,,Stylish Villa with Massive Backyard in Prime Blacktown Location,Harcourts - KELLYVILLE,NaN,,
BT009,Blacktown,"5 Huntley Drive, Blacktown, NSW 2148",2148,https://www.realestate.com.au/sold/property-townhouse-nsw-blacktown-150555776," $835,000.00 ",3/29/2026,"$643,000 ",25 November 2019 ,Townhouse,3,2,1,No,21686,89,1995,No,2,No,SOLD BY RICHARD MATTHEWS REAL ESTATE,Richard Matthews Real Estate - The Hills,NaN,,
BT010,Blacktown,"50 Ellerston Glade, Blacktown, NSW 2148",2148,https://www.realestate.com.au/sold/property-house-nsw-blacktown-149737172," $1,150,000.00 ",3/4/2026,"$900,000 ",26-Feb-23,House,3,2,2,No,354,146,2018,No,2,No,SOLD BY RONALD RAMIREZ,McConnell Bourn- Hills District,NaN,,
BT011,Blacktown,"10/36 Sylvia Street, Blacktown, NSW 2148",2148,https://www.realestate.com.au/sold/property-townhouse-nsw-blacktown-150444164," $821,000.00 ",2/27/2026,"$620,000 ",18 September 2021 ,Townhouse,3,1,2,No,2915,88,1998,No,2,No,SOLD OFF MARKET BY MARC HADDAD,Ray White United Group,NaN,,
BT012,Blacktown,"10/67 Orwell Street, Blacktown, NSW 2148",2148,https://www.realestate.com.au/sold/property-villa-nsw-blacktown-150005960," $732,000.00 ",2/2/2026,"$485,501 ",19-Sep-20,Villa,2,1,1,No,165,84,2002,No,2,No,The Perfect Start,Starr Partners - Blacktown,NaN,,
BT013,Blacktown,"26 Rutherford Street, Blacktown, NSW 2148",2148,https://www.realestate.com.au/sold/property-house-nsw-blacktown-149920004," $1,040,000.00 ",1/31/2026,NaN,NaN,House,1,1,,No,556,139,1960,Yes,1,No,Endless Potential on a Prime North-Facing Block,McGrath Blacktown,NaN,,
BT014,Blacktown,"11 Ironwood Crescent, Blacktown, NSW 2148",2148,https://www.realestate.com.au/sold/property-house-nsw-blacktown-149404572," $860,000.00 ",1/7/2026,"$607,000 ",7-Nov-15,House,2,1,1,No,372,153,2017,No,2,No,"Style, Space & Convenience!",McGrath Blacktown,NaN,,
BT015,Blacktown,"2/12 Sinclair Avenue, Blacktown, NSW 2148",2148,https://www.realestate.com.au/sold/property-townhouse-nsw-blacktown-149699120," $890,000.00 ",12/29/2025,"$620,000 ",15-Jul-17,Townhouse,3,2,2,No,6443,211,1996,No,2,No,PERFECT FIRST HOME,McConnell Bourn- Hills District,NaN,,
BT016,Blacktown,"13/41 Doonside Crescent, Blacktown, NSW 2148",2148,https://www.realestate.com.au/sold/property-villa-nsw-blacktown-149807708,"$850,000 ",5-Dec-25,"$710,000 ",3-Jul-23,Villa,3,2,1,No,217,100,2007,No,1,No,Charming & Spacious 3-Bedroom Villa - A Beautiful First Home or Smart Investment,Ray White - Blacktown City,,,
BT017,Blacktown,"47 Birdie Circuit, Blacktown, NSW 2148",2148,https://www.realestate.com.au/sold/property-house-nsw-blacktown-149271028," $1,065,000.00 ",11/27/2025,"$715,000 ",4-Apr-18,House,3,1,2,No,243,200,2019,No,2,No,SOLD BY VIJAY KHATRI,DKB Real Estate,NaN,,
BT018,Blacktown,"48 Birdie Circuit, Blacktown, NSW 2148",2148,https://www.realestate.com.au/sold/property-house-nsw-blacktown-149347140," $1,132,500.00 ",11/17/2025,"$768,000 ",14-Sep-20,House,3,2,2,No,169,147,2020,No,2,No,SOLD BY HASH SOULTANI BLACKTOWN'S #1 AGENT,Raine & Horne Soultani Group - BLACKTOWN,NaN,,
BT019,Blacktown,"12A Douglas Road, Blacktown, NSW 2148",2148,https://www.realestate.com.au/sold/property-townhouse-nsw-blacktown-145875708," $830,000.00 ",10/30/2025,"$620,000 ",28-Jan-20,Townhouse,3,2,1,No,8012,98,1999,No,2,No,Another Sold Off Market !!,Akshar Realty - BLACKTOWN,NaN,,
BT020,Blacktown,"45 Birdie Ct, Blacktown, NSW 2148",2148,https://www.realestate.com.au/sold/property-house-nsw-blacktown-149002244," $930,000.00 ",10/10/2025,"$665,000 ",27-Jun-19,House,2,1,1,No,186,180,2019,No,2,No,Paddington comes to the West,CameronCooper Real Estate,NaN,,
BT021,Blacktown,"35 Ironwood Crescent, Blacktown, NSW 2148",2148,https://www.realestate.com.au/sold/property-house-nsw-blacktown-148661756," $995,000.00 ",9/29/2025,"$699,000 ",19-Sep-19,House,3,2,2,No,178,171,2019,No,2,No,SOLD BY MATT BROOKS,Manor Real Estate,NaN,,
BT022,Blacktown,"128 & 128A Newton Road, Blacktown, NSW 2148",2148,https://www.realestate.com.au/sold/property-house-nsw-blacktown-148791076," $1,376,000.00 ",9/13/2025,"$147,500 ",28-Mar-91,House,4,2,2,No,929,254,,No,1,No,Huge 929m2 Block - Approved Dual Occupancy,McGrath Blacktown,NaN,,
BT023,Blacktown,"5 Hilltop Avenue, Blacktown, NSW 2148",2148,https://www.realestate.com.au/sold/property-house-nsw-blacktown-148581724," $1,131,000.00 ",8/17/2025,"$628,000 ",3-May-19,House,4,2,2,No,568,206,1975,Yes,2,Yes,SOLD AT AUCTION BY MATT BROOKS, Manor Real Estate,NaN,,
BT024,Blacktown,"37 Charles Street, Blacktown, NSW 2148",2148,https://www.realestate.com.au/sold/property-house-nsw-blacktown-148353952,"$1,146,000 ",28-Jul-25,"$324,950 ",16-Nov-02,House,4,2,2,No,569,231,1982,No,4,No,SOLD BY HASH SOULTANI BLACKTOWN'S,Raine & Horne Soultani Group - BLACKTOWN,,,
BT025,Blacktown,"33 Highview Street, Blacktown, NSW 2148",2148,https://www.realestate.com.au/sold/property-house-nsw-blacktown-148519892," $1,050,000.00 ",7/29/2025,"$1,050,000 ",28-Jul-25,House,4,3,2,No,670,188,NaN,No,1,No,Proudly Positioned - Motivated Sale!, OKARO - Rooty Hill,NaN,,
BT026,Blacktown,"37 Tudor Avenue, Blacktown, NSW 2148",2148,https://www.realestate.com.au/sold/property-house-nsw-blacktown-148347156," $1,615,555.00 ",7/20/2025,"$320,000 ",1-Sep-08,House,4,3,2,Yes,648,282,1970,Yes,2,No,SOLD AT AUCTION BY MATT BROOKS,Manor Real Estate,NaN,,
BT027,Blacktown,"63 Fairwater Boulevard, Blacktown, NSW 2148",2148,https://www.realestate.com.au/sold/property-house-nsw-blacktown-148201620," $1,141,500.00 ",6/29/2025,"$773,000 ",27-Sep-15,House,4,2,2,No,228,182,2016,No,2,No,Another outstanding results by team Ray White Kellyville Ridge,Ray White - Kellyville Ridge,NaN,,
BT028,Blacktown,"7/248 Flushcombe Road, Blacktown, NSW 2148",2148,https://www.realestate.com.au/sold/property-villa-nsw-blacktown-148035840," $650,000.00 ",6/24/2025,"$530,000 ",18-Jul-20,Villa,2,1,1,No,"20,020",187,2009,No,2,No,Modern 2-Bedroom Villa in Prime Blacktown Location,United RE,NaN,,
BT029,Blacktown,"4/98 Newton Road, Blacktown, NSW 2148",2148,https://www.realestate.com.au/sold/property-townhouse-nsw-blacktown-148036060," $870,000.00 ",5/26/2025,"$650,000 ",5-Dec-16,Townhouse,3,2,1,No,1374,128,2017,No,2,No,Enjoy the Convenience: Walking Distance to Westpoint & Blacktown Station!,Ray White - Blacktown City,NaN,,
BT030,Blacktown,"10/5-7 Fifth Avenue, Blacktown, NSW 2148",2148,https://www.realestate.com.au/sold/property-villa-nsw-blacktown-147611268," $590,000.00 ",5/13/2025,"$275,500 ",12-May-04,Villa,2,1,1,No,"2,684",170,1984,No,2,No,Prime Blacktown Location,Urban Real Estate - Glenmore Park,NaN,,
BT031,Blacktown,"5 Ajax Place, Blacktown, NSW 2148",2148,https://www.realestate.com.au/sold/property-house-nsw-blacktown-147559664," $1,075,000.00 ",4/17/2025,"$956,000 ",22-Jan-22,House,3,2,2,No,594.4,159,1970,No,1,No,Functional And Fetching Family Home,Agius Property Group - NORWEST,NaN,,
BT032,Blacktown,"10/59-61 Cambridge Street, Blacktown, NSW 2148",2148,https://www.realestate.com.au/sold/property-villa-nsw-blacktown-147618976," $848,000.00 ",4/17/2025,"$590,000 ",10-Dec-14,Villa,3,2,2,No,3423,89,2015,No,2,No,Cozy 3 Bedroom Villa,Sweet Realty - WEST RYDE,NaN,,
BT033,Blacktown,"68 Walters Road, Blacktown, NSW 2148",2148,https://www.realestate.com.au/sold/property-house-nsw-blacktown-147276272," $1,880,000.00 ",3/22/2025,"$820,000 ",3-Nov-21,House,6,3,2,Yes,556,335,2023,No,2,No,Stunning Family Home in Blacktown,McConnell Bourn- Hills District,NaN,,
BT034,Blacktown,"2A Lancaster Street, Blacktown, NSW 2148",2148,https://www.realestate.com.au/sold/property-house-nsw-blacktown-147184088," $1,101,000.00 ",2/20/2025,"$735,000 ",13-Jun-15,House,4,2,2,No,320,177,2013,No,2,No,Contemporary Chic Style Double Story House,Uniland Real Estate | Epping - Castle Hill,NaN,,
BT035,Blacktown,"25B/179 Reservoir Road, Blacktown, NSW 2148",2148,https://www.realestate.com.au/sold/property-villa-nsw-blacktown-147083896," $570,000.00 ",2/18/2025,NaN,NaN,Villa,2,1,1,No,1820,136,1991,No,2,No,Charming Villa,Starr Partners - Blacktown,NaN,,
BT036,Blacktown,"9 Orwell Street, Blacktown, NSW 2148",2148,https://www.realestate.com.au/sold/property-house-nsw-blacktown-146017300," $1,300,000.00 ",1/21/2025,"$1,300,000 ",30-Oct-21,House,3,2,3,No,1119,206,1970,No,2,No,Opportunity Knocks in South Blacktown - Large 1119sqm Block!,Harcourts Unlimited - Blacktown,NaN,,
BT037,Blacktown,"47 Kurrajong Crescent, Blacktown, NSW 2148",2148,https://www.realestate.com.au/sold/property-house-nsw-blacktown-146617632," $1,290,000.00 ",1/7/2025,"$715,000 ",20-Dec-17,House,6,4,4,No,568,310,1960,No,2,No,contact agent,Ray White Blacktown City,NaN,,
BT038,Blacktown,"94 Fairwater Boulevard, Blacktown, NSW 2148",2148,https://www.realestate.com.au/sold/property-house-nsw-blacktown-146456972," $845,000.00 ",12/16/2024,"$805,000 ", Manor Real Estate,House,2,1,2,No,161,88,2018,No,2,No,SOLD BY HASH SOULTANI,SOLD BY HASH SOULTANI,NaN,,
BT039,Blacktown,"14/39 Newhaven Avenue, Blacktown, NSW 2148",2148,https://www.realestate.com.au/sold/property-villa-nsw-blacktown-146541728," $900,000.00 ",11/29/2024,"$865,000 ",25-Sep-23,Villa,4,2,1,No,380,154,2013,No,2,No,BEST VILLA IN BLACKTOWN,McConnell Bourn- Hills District,NaN,,
BT040,Blacktown,"16 Meroo Street, Blacktown, NSW 2148",2148,https://www.realestate.com.au/sold/property-house-nsw-blacktown-146121532," $1,800,000.00 ",10/21/2024,"$730,000 ",27-Mar-10,House,5,2,4,No,973,289,1995,No,2,Yes,Beautiful Family Home!,Raine & Horne Soultani Group - BLACKTOWN,NaN,,
BT041,Blacktown,"29 Burke Street, Blacktown, NSW 2148",2148,https://www.realestate.com.au/sold/property-house-nsw-blacktown-145879076," $1,505,000.00 ",9/21/2024,"$845,500 ","$845,500 ",House,5,3,4,No,601,285,1960,No,2,Yes,YOUR PROPERTY IS WORTH MORE WITH VIKAS SALUJA!,First National Real Estate Neptune,NaN,,
BT042,Blacktown,"76/177 Reservoir Road, Blacktown, NSW 2148",2148,https://www.realestate.com.au/sold/property-townhouse-nsw-blacktown-145753636," $700,000.00 ",8/25/2024,"$521,501 ",9-Nov-16,Townhouse,3,1,1,Yes,"20,202",86,1989,No,2,No,CALL IT YOUR FIRST HOME!!,Akshar Realty - BLACKTOWN,NaN,,
BT043,Blacktown,"18 Flyer Glade, Blacktown, NSW 2148",2148,https://www.realestate.com.au/property/18-flyer-gld-blacktown-nsw-2148/,"$864,000 ",12-Aug-24,"$687,000 ",27-Oct-20,House,2,2,2,No,153,106,2020,No,2,No,The Perfect Retreat in Fairwater,Sweet Realty - WEST RYDE,NaN,,
BT044,Blacktown,"6 Shirley Street, Blacktown, NSW 2148",2148,https://www.realestate.com.au/sold/property-house-nsw-blacktown-145411240,"$995,000 ",22-Jul-24,NaN,NaN,House,3,2,2,No,556,160,NaN,No,1,No,LOCATION LOCATION LOCATION,Raine & Horne Soultani Group - BLACKTOWN,NaN,,
BT045,Blacktown,"32A Newhaven Avenue, Blacktown, NSW 2148",2148,https://www.realestate.com.au/sold/property-house-nsw-blacktown-145340584,"$1,430,000 ",16-Jul-24,NaN,NaN,House,5,3,2,No,389,276,2024,No,2,No,one of a kind,Starr Partners - Blacktown,NaN,,
,,,,,,,,,,,,,,,,,,,,,,,,
,,,,,,,,,,,,,,,,,,,,,,,,
,,,,,,,,,,,,,,,,,,,,,,,,
,,,,,,,,,,,,,,,,,,,,,,,,
,,,,,,,,,,,,,,,,,,,,,,,,
,,,,,,,,,,,,,,,,,,,,,,,,
